dimension,frequency,pct
mri_emb_188,40,0.8
mri_emb_295,38,0.76
mri_emb_438,38,0.76
mri_emb_648,38,0.76
mri_emb_134,37,0.74
mri_emb_332,36,0.72
mri_emb_466,35,0.7
mri_emb_263,34,0.68
mri_emb_64,30,0.6
mri_emb_173,29,0.58
mri_emb_443,29,0.58
mri_emb_85,29,0.58
mri_emb_137,27,0.54
mri_emb_517,27,0.54
mri_emb_65,27,0.54
mri_emb_48,27,0.54
mri_emb_184,26,0.52
mri_emb_415,26,0.52
mri_emb_94,25,0.5
mri_emb_114,24,0.48
mri_emb_833,24,0.48
mri_emb_163,23,0.46
mri_emb_521,23,0.46
mri_emb_949,23,0.46
mri_emb_297,23,0.46
mri_emb_144,22,0.44
mri_emb_980,22,0.44
mri_emb_469,20,0.4
mri_emb_691,20,0.4
mri_emb_796,20,0.4
mri_emb_123,20,0.4
mri_emb_850,19,0.38
mri_emb_925,19,0.38
mri_emb_196,19,0.38
mri_emb_261,19,0.38
mri_emb_74,19,0.38
mri_emb_729,18,0.36
mri_emb_36,18,0.36
mri_emb_916,18,0.36
mri_emb_226,17,0.34
mri_emb_398,17,0.34
mri_emb_934,17,0.34
mri_emb_33,17,0.34
mri_emb_591,17,0.34
mri_emb_422,17,0.34
mri_emb_808,17,0.34
mri_emb_158,17,0.34
mri_emb_32,17,0.34
mri_emb_175,17,0.34
mri_emb_251,17,0.34
mri_emb_584,16,0.32
mri_emb_787,16,0.32
mri_emb_535,16,0.32
mri_emb_177,16,0.32
mri_emb_660,16,0.32
mri_emb_645,16,0.32
mri_emb_1001,15,0.3
mri_emb_408,15,0.3
mri_emb_548,15,0.3
mri_emb_105,15,0.3
mri_emb_427,15,0.3
mri_emb_727,15,0.3
mri_emb_520,15,0.3
mri_emb_293,14,0.28
mri_emb_405,14,0.28
mri_emb_483,14,0.28
mri_emb_503,14,0.28
mri_emb_809,14,0.28
mri_emb_102,14,0.28
mri_emb_13,14,0.28
mri_emb_936,14,0.28
mri_emb_387,14,0.28
mri_emb_437,14,0.28
mri_emb_824,14,0.28
mri_emb_403,13,0.26
mri_emb_118,13,0.26
mri_emb_288,13,0.26
mri_emb_968,13,0.26
mri_emb_27,13,0.26
mri_emb_86,13,0.26
mri_emb_844,13,0.26
mri_emb_71,12,0.24
mri_emb_11,12,0.24
mri_emb_383,12,0.24
mri_emb_200,12,0.24
mri_emb_468,12,0.24
mri_emb_721,12,0.24
mri_emb_532,12,0.24
mri_emb_747,12,0.24
mri_emb_81,12,0.24
mri_emb_649,12,0.24
mri_emb_440,11,0.22
mri_emb_630,11,0.22
mri_emb_859,11,0.22
mri_emb_238,11,0.22
mri_emb_489,11,0.22
mri_emb_597,11,0.22
mri_emb_637,11,0.22
mri_emb_108,11,0.22
mri_emb_978,11,0.22
mri_emb_110,11,0.22
mri_emb_150,11,0.22
mri_emb_20,10,0.2
mri_emb_324,10,0.2
mri_emb_4,10,0.2
mri_emb_40,10,0.2
mri_emb_667,10,0.2
mri_emb_146,10,0.2
mri_emb_940,10,0.2
mri_emb_617,10,0.2
mri_emb_377,10,0.2
mri_emb_217,10,0.2
mri_emb_138,10,0.2
mri_emb_713,10,0.2
mri_emb_429,9,0.18
mri_emb_763,9,0.18
mri_emb_927,9,0.18
mri_emb_23,9,0.18
mri_emb_235,9,0.18
mri_emb_448,9,0.18
mri_emb_757,9,0.18
mri_emb_939,9,0.18
mri_emb_356,9,0.18
mri_emb_378,9,0.18
mri_emb_51,9,0.18
mri_emb_640,9,0.18
mri_emb_759,9,0.18
mri_emb_303,9,0.18
mri_emb_417,9,0.18
mri_emb_899,9,0.18
mri_emb_1005,9,0.18
mri_emb_447,9,0.18
mri_emb_830,8,0.16
mri_emb_279,8,0.16
mri_emb_484,8,0.16
mri_emb_952,8,0.16
mri_emb_979,8,0.16
mri_emb_296,8,0.16
mri_emb_315,8,0.16
mri_emb_310,8,0.16
mri_emb_323,8,0.16
mri_emb_353,8,0.16
mri_emb_530,8,0.16
mri_emb_958,8,0.16
mri_emb_58,8,0.16
mri_emb_343,8,0.16
mri_emb_139,8,0.16
mri_emb_523,8,0.16
mri_emb_109,7,0.14
mri_emb_393,7,0.14
mri_emb_125,7,0.14
mri_emb_635,7,0.14
mri_emb_148,7,0.14
mri_emb_18,7,0.14
mri_emb_428,7,0.14
mri_emb_598,7,0.14
mri_emb_455,7,0.14
mri_emb_516,7,0.14
mri_emb_539,7,0.14
mri_emb_330,7,0.14
mri_emb_329,7,0.14
mri_emb_30,7,0.14
mri_emb_338,7,0.14
mri_emb_860,7,0.14
mri_emb_284,6,0.12
mri_emb_420,6,0.12
mri_emb_487,6,0.12
mri_emb_720,6,0.12
mri_emb_313,6,0.12
mri_emb_708,6,0.12
mri_emb_641,6,0.12
mri_emb_76,6,0.12
mri_emb_166,6,0.12
mri_emb_201,6,0.12
mri_emb_533,6,0.12
mri_emb_312,6,0.12
mri_emb_577,6,0.12
mri_emb_674,6,0.12
mri_emb_290,6,0.12
mri_emb_569,6,0.12
mri_emb_749,6,0.12
mri_emb_675,6,0.12
mri_emb_799,6,0.12
mri_emb_390,5,0.1
mri_emb_606,5,0.1
mri_emb_885,5,0.1
mri_emb_97,5,0.1
mri_emb_154,5,0.1
mri_emb_267,5,0.1
mri_emb_495,5,0.1
mri_emb_846,5,0.1
mri_emb_373,5,0.1
mri_emb_741,5,0.1
mri_emb_9,5,0.1
mri_emb_941,5,0.1
mri_emb_162,5,0.1
mri_emb_620,5,0.1
mri_emb_191,5,0.1
mri_emb_868,5,0.1
mri_emb_1004,5,0.1
mri_emb_618,5,0.1
mri_emb_237,5,0.1
mri_emb_244,5,0.1
mri_emb_328,5,0.1
mri_emb_116,5,0.1
mri_emb_320,5,0.1
mri_emb_258,5,0.1
mri_emb_424,5,0.1
mri_emb_754,5,0.1
mri_emb_587,5,0.1
mri_emb_282,5,0.1
mri_emb_780,5,0.1
mri_emb_103,4,0.08
mri_emb_689,4,0.08
mri_emb_755,4,0.08
mri_emb_223,4,0.08
mri_emb_943,4,0.08
mri_emb_120,4,0.08
mri_emb_622,4,0.08
mri_emb_234,4,0.08
mri_emb_382,4,0.08
mri_emb_434,4,0.08
mri_emb_841,4,0.08
mri_emb_10,4,0.08
mri_emb_155,4,0.08
mri_emb_274,4,0.08
mri_emb_972,4,0.08
mri_emb_694,4,0.08
mri_emb_745,4,0.08
mri_emb_748,4,0.08
mri_emb_8,4,0.08
mri_emb_658,4,0.08
mri_emb_807,4,0.08
mri_emb_967,4,0.08
mri_emb_450,4,0.08
mri_emb_634,4,0.08
mri_emb_933,4,0.08
mri_emb_122,4,0.08
mri_emb_283,4,0.08
mri_emb_986,4,0.08
mri_emb_891,4,0.08
mri_emb_995,4,0.08
mri_emb_345,4,0.08
mri_emb_349,4,0.08
mri_emb_456,4,0.08
mri_emb_486,4,0.08
mri_emb_609,4,0.08
mri_emb_812,4,0.08
mri_emb_712,4,0.08
mri_emb_910,4,0.08
mri_emb_614,4,0.08
mri_emb_945,4,0.08
mri_emb_339,4,0.08
mri_emb_254,4,0.08
mri_emb_879,4,0.08
mri_emb_334,4,0.08
mri_emb_165,4,0.08
mri_emb_44,4,0.08
mri_emb_471,4,0.08
mri_emb_119,4,0.08
mri_emb_351,3,0.06
mri_emb_897,3,0.06
mri_emb_136,3,0.06
mri_emb_379,3,0.06
mri_emb_580,3,0.06
mri_emb_664,3,0.06
mri_emb_987,3,0.06
mri_emb_209,3,0.06
mri_emb_57,3,0.06
mri_emb_756,3,0.06
mri_emb_776,3,0.06
mri_emb_289,3,0.06
mri_emb_298,3,0.06
mri_emb_902,3,0.06
mri_emb_1008,3,0.06
mri_emb_287,3,0.06
mri_emb_29,3,0.06
mri_emb_510,3,0.06
mri_emb_605,3,0.06
mri_emb_647,3,0.06
mri_emb_794,3,0.06
mri_emb_981,3,0.06
mri_emb_99,3,0.06
mri_emb_494,3,0.06
mri_emb_275,3,0.06
mri_emb_305,3,0.06
mri_emb_433,3,0.06
mri_emb_273,3,0.06
mri_emb_677,3,0.06
mri_emb_318,3,0.06
mri_emb_501,3,0.06
mri_emb_820,3,0.06
mri_emb_133,3,0.06
mri_emb_593,3,0.06
mri_emb_855,3,0.06
mri_emb_375,3,0.06
mri_emb_431,3,0.06
mri_emb_60,3,0.06
mri_emb_413,3,0.06
mri_emb_66,3,0.06
mri_emb_143,3,0.06
mri_emb_554,3,0.06
mri_emb_157,3,0.06
mri_emb_441,3,0.06
mri_emb_805,3,0.06
mri_emb_128,3,0.06
mri_emb_269,3,0.06
mri_emb_1007,3,0.06
mri_emb_451,3,0.06
mri_emb_355,3,0.06
mri_emb_247,3,0.06
mri_emb_653,3,0.06
mri_emb_538,3,0.06
mri_emb_961,3,0.06
mri_emb_233,3,0.06
mri_emb_344,3,0.06
mri_emb_857,3,0.06
mri_emb_93,3,0.06
mri_emb_16,2,0.04
mri_emb_268,2,0.04
mri_emb_381,2,0.04
mri_emb_412,2,0.04
mri_emb_543,2,0.04
mri_emb_73,2,0.04
mri_emb_78,2,0.04
mri_emb_790,2,0.04
mri_emb_513,2,0.04
mri_emb_599,2,0.04
mri_emb_69,2,0.04
mri_emb_784,2,0.04
mri_emb_79,2,0.04
mri_emb_752,2,0.04
mri_emb_798,2,0.04
mri_emb_929,2,0.04
mri_emb_583,2,0.04
mri_emb_683,2,0.04
mri_emb_87,2,0.04
mri_emb_317,2,0.04
mri_emb_321,2,0.04
mri_emb_61,2,0.04
mri_emb_650,2,0.04
mri_emb_685,2,0.04
mri_emb_531,2,0.04
mri_emb_739,2,0.04
mri_emb_908,2,0.04
mri_emb_179,2,0.04
mri_emb_1011,2,0.04
mri_emb_662,2,0.04
mri_emb_676,2,0.04
mri_emb_800,2,0.04
mri_emb_849,2,0.04
mri_emb_129,2,0.04
mri_emb_615,2,0.04
mri_emb_877,2,0.04
mri_emb_771,2,0.04
mri_emb_801,2,0.04
mri_emb_306,2,0.04
mri_emb_402,2,0.04
mri_emb_493,2,0.04
mri_emb_6,2,0.04
mri_emb_657,2,0.04
mri_emb_996,2,0.04
mri_emb_499,2,0.04
mri_emb_843,2,0.04
mri_emb_401,2,0.04
mri_emb_409,2,0.04
mri_emb_508,2,0.04
mri_emb_836,2,0.04
mri_emb_842,2,0.04
mri_emb_107,2,0.04
mri_emb_215,2,0.04
mri_emb_41,2,0.04
mri_emb_804,2,0.04
mri_emb_887,2,0.04
mri_emb_888,2,0.04
mri_emb_19,2,0.04
mri_emb_22,2,0.04
mri_emb_54,2,0.04
mri_emb_491,2,0.04
mri_emb_795,2,0.04
mri_emb_113,2,0.04
mri_emb_243,2,0.04
mri_emb_198,2,0.04
mri_emb_588,2,0.04
mri_emb_34,2,0.04
mri_emb_680,2,0.04
mri_emb_692,2,0.04
mri_emb_964,2,0.04
mri_emb_880,2,0.04
mri_emb_750,2,0.04
mri_emb_121,2,0.04
mri_emb_399,2,0.04
mri_emb_432,2,0.04
mri_emb_636,2,0.04
mri_emb_459,2,0.04
mri_emb_479,2,0.04
mri_emb_124,2,0.04
mri_emb_307,2,0.04
mri_emb_42,2,0.04
mri_emb_63,2,0.04
mri_emb_190,2,0.04
mri_emb_264,2,0.04
mri_emb_851,2,0.04
mri_emb_411,2,0.04
mri_emb_944,2,0.04
mri_emb_38,2,0.04
mri_emb_626,2,0.04
mri_emb_890,2,0.04
mri_emb_265,2,0.04
mri_emb_921,2,0.04
mri_emb_83,2,0.04
mri_emb_300,2,0.04
mri_emb_376,2,0.04
mri_emb_785,2,0.04
mri_emb_895,2,0.04
mri_emb_347,2,0.04
mri_emb_400,2,0.04
mri_emb_365,2,0.04
mri_emb_913,1,0.02
mri_emb_957,1,0.02
mri_emb_710,1,0.02
mri_emb_788,1,0.02
mri_emb_928,1,0.02
mri_emb_358,1,0.02
mri_emb_789,1,0.02
mri_emb_414,1,0.02
mri_emb_973,1,0.02
mri_emb_98,1,0.02
mri_emb_111,1,0.02
mri_emb_654,1,0.02
mri_emb_852,1,0.02
mri_emb_152,1,0.02
mri_emb_161,1,0.02
mri_emb_362,1,0.02
mri_emb_452,1,0.02
mri_emb_629,1,0.02
mri_emb_670,1,0.02
mri_emb_208,1,0.02
mri_emb_272,1,0.02
mri_emb_286,1,0.02
mri_emb_541,1,0.02
mri_emb_687,1,0.02
mri_emb_352,1,0.02
mri_emb_831,1,0.02
mri_emb_537,1,0.02
mri_emb_28,1,0.02
mri_emb_492,1,0.02
mri_emb_858,1,0.02
mri_emb_931,1,0.02
mri_emb_299,1,0.02
mri_emb_367,1,0.02
mri_emb_903,1,0.02
mri_emb_366,1,0.02
mri_emb_608,1,0.02
mri_emb_728,1,0.02
mri_emb_883,1,0.02
mri_emb_983,1,0.02
mri_emb_147,1,0.02
mri_emb_242,1,0.02
mri_emb_416,1,0.02
mri_emb_786,1,0.02
mri_emb_140,1,0.02
mri_emb_806,1,0.02
mri_emb_227,1,0.02
mri_emb_59,1,0.02
mri_emb_742,1,0.02
mri_emb_15,1,0.02
mri_emb_558,1,0.02
mri_emb_715,1,0.02
mri_emb_673,1,0.02
mri_emb_686,1,0.02
mri_emb_199,1,0.02
mri_emb_212,1,0.02
mri_emb_222,1,0.02
mri_emb_372,1,0.02
mri_emb_457,1,0.02
mri_emb_915,1,0.02
mri_emb_775,1,0.02
mri_emb_847,1,0.02
mri_emb_802,1,0.02
mri_emb_815,1,0.02
mri_emb_998,1,0.02
mri_emb_160,1,0.02
mri_emb_180,1,0.02
mri_emb_189,1,0.02
mri_emb_5,1,0.02
mri_emb_559,1,0.02
mri_emb_572,1,0.02
mri_emb_589,1,0.02
mri_emb_346,1,0.02
mri_emb_963,1,0.02
mri_emb_905,1,0.02
mri_emb_585,1,0.02
mri_emb_168,1,0.02
mri_emb_197,1,0.02
mri_emb_1006,1,0.02
mri_emb_246,1,0.02
mri_emb_361,1,0.02
mri_emb_77,1,0.02
mri_emb_898,1,0.02
mri_emb_917,1,0.02
mri_emb_923,1,0.02
mri_emb_0,1,0.02
mri_emb_570,1,0.02
mri_emb_594,1,0.02
mri_emb_688,1,0.02
mri_emb_822,1,0.02
mri_emb_870,1,0.02
mri_emb_21,1,0.02
mri_emb_342,1,0.02
mri_emb_528,1,0.02
mri_emb_75,1,0.02
mri_emb_982,1,0.02
mri_emb_1021,1,0.02
mri_emb_294,1,0.02
mri_emb_773,1,0.02
mri_emb_544,1,0.02
mri_emb_703,1,0.02
mri_emb_886,1,0.02
mri_emb_280,1,0.02
mri_emb_359,1,0.02
mri_emb_360,1,0.02
mri_emb_89,1,0.02
mri_emb_193,1,0.02
mri_emb_2,1,0.02
mri_emb_834,1,0.02
mri_emb_930,1,0.02
mri_emb_68,1,0.02
mri_emb_919,1,0.02
mri_emb_950,1,0.02
mri_emb_582,1,0.02
mri_emb_705,1,0.02
mri_emb_962,1,0.02
mri_emb_167,1,0.02
mri_emb_567,1,0.02
mri_emb_250,1,0.02
mri_emb_643,1,0.02
mri_emb_671,1,0.02
mri_emb_893,1,0.02
mri_emb_270,1,0.02
mri_emb_363,1,0.02
mri_emb_697,1,0.02
mri_emb_115,1,0.02
mri_emb_326,1,0.02
mri_emb_768,1,0.02
mri_emb_159,1,0.02
mri_emb_388,1,0.02
mri_emb_566,1,0.02
mri_emb_135,1,0.02
mri_emb_24,1,0.02
mri_emb_663,1,0.02
mri_emb_753,1,0.02
mri_emb_770,1,0.02
mri_emb_792,1,0.02
mri_emb_871,1,0.02
mri_emb_149,1,0.02
mri_emb_204,1,0.02
mri_emb_652,1,0.02
mri_emb_955,1,0.02
