w_tab,w_mri,w_text,macro_f1,accuracy,sensitivity,specificity,auroc,brier_score,tp,tn,fp,fn
0.15000000000000002,0.55,0.3,0.6812979863827322,0.7159090909090909,0.8518518518518519,0.5,0.7053376906318083,0.20926211774349213,46,17,17,8
0.1,0.55,0.35,0.6756597375792421,0.7159090909090909,0.8703703703703703,0.47058823529411764,0.7028867102396514,0.20909430086612701,47,16,18,7
0.30000000000000004,0.0,0.7,0.6712643678160919,0.7045454545454546,0.8333333333333334,0.5,0.7194989106753813,0.2015123814344406,45,17,17,9
0.1,0.6000000000000001,0.3,0.6656925774400935,0.7045454545454546,0.8518518518518519,0.47058823529411764,0.6928104575163399,0.2125532627105713,46,16,18,8
0.05,0.45,0.5,0.6656925774400935,0.7045454545454546,0.8518518518518519,0.47058823529411764,0.7124183006535948,0.20536965131759644,46,16,18,8
0.6000000000000001,0.4,0.0,0.6612972202423378,0.6931818181818182,0.8148148148148148,0.5,0.6418845315904138,0.23621684312820435,44,17,17,10
0.5,0.45,0.05,0.6612972202423378,0.6931818181818182,0.8148148148148148,0.5,0.6544117647058822,0.22626012563705444,44,17,17,10
0.35000000000000003,0.6000000000000001,0.05,0.6612972202423378,0.6931818181818182,0.8148148148148148,0.5,0.6587690631808278,0.2244323194026947,44,17,17,10
0.35000000000000003,0.55,0.1,0.6612972202423378,0.6931818181818182,0.8148148148148148,0.5,0.6685729847494554,0.21931813657283783,44,17,17,10
0.30000000000000004,0.65,0.05,0.6612972202423378,0.6931818181818182,0.8148148148148148,0.5,0.6535947712418301,0.22554947435855865,44,17,17,10
0.05,0.5,0.45,0.6595238095238095,0.7045454545454546,0.8703703703703703,0.4411764705882353,0.7072440087145969,0.20732392370700836,47,15,19,7
0.1,0.5,0.4,0.6595238095238095,0.7045454545454546,0.8703703703703703,0.4411764705882353,0.7186819172113289,0.20622219145298004,47,15,19,7
0.0,0.25,0.75,0.6595238095238095,0.7045454545454546,0.8703703703703703,0.4411764705882353,0.6982570806100218,0.20711632072925568,47,15,19,7
0.0,0.30000000000000004,0.7,0.6595238095238095,0.7045454545454546,0.8703703703703703,0.4411764705882353,0.6990740740740741,0.20639224350452423,47,15,19,7
0.30000000000000004,0.05,0.65,0.6558018252933507,0.6931818181818182,0.8333333333333334,0.47058823529411764,0.721677559912854,0.1998404562473297,45,16,18,9
0.05,0.0,0.95,0.6558018252933507,0.6931818181818182,0.8333333333333334,0.47058823529411764,0.7004357298474945,0.21418847143650055,45,16,18,9
0.0,0.0,1.0,0.6558018252933507,0.6931818181818182,0.8333333333333334,0.47058823529411764,0.6868191721132898,0.21953916549682617,45,16,18,9
0.0,0.05,0.95,0.6558018252933507,0.6931818181818182,0.8333333333333334,0.47058823529411764,0.6925381263616558,0.21588093042373657,45,16,18,9
0.4,0.6000000000000001,0.0,0.6558018252933507,0.6931818181818182,0.8333333333333334,0.47058823529411764,0.6451525054466231,0.22962357103824615,45,16,18,9
0.0,0.1,0.9,0.6558018252933507,0.6931818181818182,0.8333333333333334,0.47058823529411764,0.6936274509803921,0.21280954778194427,45,16,18,9
0.15000000000000002,0.45,0.4,0.652701882210079,0.7045454545454546,0.8888888888888888,0.4117647058823529,0.730119825708061,0.20344257354736328,48,14,20,6
0.55,0.35000000000000003,0.1,0.6513865308432372,0.6818181818181818,0.7962962962962963,0.5,0.6601307189542484,0.2245047688484192,43,17,17,11
0.1,0.65,0.25,0.6513865308432372,0.6818181818181818,0.7962962962962963,0.5,0.6789215686274509,0.21659904718399048,43,17,17,11
0.6000000000000001,0.35000000000000003,0.05,0.6513865308432372,0.6818181818181818,0.7962962962962963,0.5,0.6456971677559912,0.23179474472999573,43,17,17,11
0.65,0.35000000000000003,0.0,0.6513865308432372,0.6818181818181818,0.7962962962962963,0.5,0.6358932461873638,0.24002322554588318,43,17,17,11
0.2,0.45,0.35,0.6497125165855816,0.6931818181818182,0.8518518518518519,0.4411764705882353,0.7290305010893247,0.20388676226139069,46,15,19,8
0.15000000000000002,0.5,0.35,0.6497125165855816,0.6931818181818182,0.8518518518518519,0.4411764705882353,0.7222222222222222,0.20605893433094025,46,15,19,8
0.1,0.35000000000000003,0.55,0.6497125165855816,0.6931818181818182,0.8518518518518519,0.4411764705882353,0.724400871459695,0.20112675428390503,46,15,19,8
0.30000000000000004,0.25,0.45,0.6497125165855816,0.6931818181818182,0.8518518518518519,0.4411764705882353,0.7287581699346405,0.19902092218399048,46,15,19,8
0.30000000000000004,0.2,0.5,0.6497125165855816,0.6931818181818182,0.8518518518518519,0.4411764705882353,0.7241285403050108,0.19834557175636292,46,15,19,8
0.0,0.45,0.55,0.6497125165855816,0.6931818181818182,0.8518518518518519,0.4411764705882353,0.7066993464052288,0.2077409327030182,46,15,19,8
0.0,0.5,0.5,0.6497125165855816,0.6931818181818182,0.8518518518518519,0.4411764705882353,0.7020697167755992,0.2093641608953476,46,15,19,8
0.15000000000000002,0.65,0.2,0.6459770114942529,0.6818181818181818,0.8148148148148148,0.47058823529411764,0.67619825708061,0.21742892265319824,44,16,18,10
0.55,0.45,0.0,0.6459770114942529,0.6818181818181818,0.8148148148148148,0.47058823529411764,0.6465141612200436,0.2332736998796463,44,16,18,10
0.5,0.5,0.0,0.6459770114942529,0.6818181818181818,0.8148148148148148,0.47058823529411764,0.648148148148148,0.23119376599788666,44,16,18,10
0.5,0.4,0.1,0.6459770114942529,0.6818181818181818,0.8148148148148148,0.47058823529411764,0.6647603485838779,0.22191327810287476,44,16,18,10
0.5,0.35000000000000003,0.15,0.6459770114942529,0.6818181818181818,0.8148148148148148,0.47058823529411764,0.6797385620915033,0.21815325319766998,44,16,18,10
0.45,0.55,0.0,0.6459770114942529,0.6818181818181818,0.8148148148148148,0.47058823529411764,0.647875816993464,0.22997704148292542,44,16,18,10
0.45,0.45,0.1,0.6459770114942529,0.6818181818181818,0.8148148148148148,0.47058823529411764,0.6680283224400871,0.22018499672412872,44,16,18,10
0.4,0.55,0.05,0.6459770114942529,0.6818181818181818,0.8148148148148148,0.47058823529411764,0.6557734204793029,0.22417835891246796,44,16,18,10
0.4,0.5,0.1,0.6459770114942529,0.6818181818181818,0.8148148148148148,0.47058823529411764,0.6669389978213507,0.21931995451450348,44,16,18,10
0.4,0.45,0.15,0.6459770114942529,0.6818181818181818,0.8148148148148148,0.47058823529411764,0.6879084967320261,0.2150484025478363,44,16,18,10
0.4,0.4,0.2,0.6459770114942529,0.6818181818181818,0.8148148148148148,0.47058823529411764,0.7001633986928104,0.21136361360549927,44,16,18,10
0.4,0.0,0.6,0.6459770114942529,0.6818181818181818,0.8148148148148148,0.47058823529411764,0.7140522875816993,0.20301136374473572,44,16,18,10
0.35000000000000003,0.65,0.0,0.6459770114942529,0.6818181818181818,0.8148148148148148,0.47058823529411764,0.6522331154684096,0.2301333099603653,44,16,18,10
0.35000000000000003,0.5,0.15,0.6459770114942529,0.6818181818181818,0.8148148148148148,0.47058823529411764,0.6892701525054467,0.21479077637195587,44,16,18,10
0.35000000000000003,0.45,0.2,0.6459770114942529,0.6818181818181818,0.8148148148148148,0.47058823529411764,0.69880174291939,0.21085023880004883,44,16,18,10
0.35000000000000003,0.4,0.25,0.6459770114942529,0.6818181818181818,0.8148148148148148,0.47058823529411764,0.7096949891067539,0.2074965536594391,44,16,18,10
0.35000000000000003,0.35000000000000003,0.3,0.6459770114942529,0.6818181818181818,0.8148148148148148,0.47058823529411764,0.718954248366013,0.20472969114780426,44,16,18,10
0.30000000000000004,0.6000000000000001,0.1,0.6459770114942529,0.6818181818181818,0.8148148148148148,0.47058823529411764,0.6672113289760349,0.22017954289913177,44,16,18,10
0.30000000000000004,0.55,0.15,0.6459770114942529,0.6818181818181818,0.8148148148148148,0.47058823529411764,0.684368191721133,0.21539638936519623,44,16,18,10
0.30000000000000004,0.5,0.2,0.6459770114942529,0.6818181818181818,0.8148148148148148,0.47058823529411764,0.6966230936819172,0.21120008826255798,44,16,18,10
0.30000000000000004,0.45,0.25,0.6459770114942529,0.6818181818181818,0.8148148148148148,0.47058823529411764,0.7110566448801744,0.20759059488773346,44,16,18,10
0.55,0.4,0.05,0.6459770114942529,0.6818181818181818,0.8148148148148148,0.47058823529411764,0.6516884531590413,0.2285958230495453,44,16,18,10
0.30000000000000004,0.4,0.3,0.6459770114942529,0.6818181818181818,0.8148148148148148,0.47058823529411764,0.7211328976034859,0.20456795394420624,44,16,18,10
0.2,0.35000000000000003,0.45,0.6429752066115701,0.6931818181818182,0.8703703703703703,0.4117647058823529,0.7309368191721133,0.19975246489048004,47,14,20,7
0.15000000000000002,0.4,0.45,0.6429752066115701,0.6931818181818182,0.8703703703703703,0.4117647058823529,0.7328431372549019,0.20141306519508362,47,14,20,7
0.1,0.45,0.45,0.6429752066115701,0.6931818181818182,0.8703703703703703,0.4117647058823529,0.7227668845315903,0.2039368748664856,47,14,20,7
0.1,0.15000000000000002,0.75,0.6429752066115701,0.6931818181818182,0.8703703703703703,0.4117647058823529,0.7222222222222222,0.20254836976528168,47,14,20,7
0.1,0.1,0.8,0.6429752066115701,0.6931818181818182,0.8703703703703703,0.4117647058823529,0.7167755991285403,0.20437084138393402,47,14,20,7
0.05,0.15000000000000002,0.8,0.6429752066115701,0.6931818181818182,0.8703703703703703,0.4117647058823529,0.7088779956427015,0.20596742630004883,47,14,20,7
0.05,0.30000000000000004,0.65,0.6429752066115701,0.6931818181818182,0.8703703703703703,0.4117647058823529,0.7129629629629629,0.20302782952785492,47,14,20,7
0.05,0.7000000000000001,0.25,0.6415226857704734,0.6704545454545454,0.7777777777777778,0.5,0.6620370370370371,0.22100920975208282,42,17,17,12
0.5,0.30000000000000004,0.2,0.6415226857704734,0.6704545454545454,0.7777777777777778,0.5,0.6947167755991285,0.2149800807237625,42,17,17,12
0.65,0.30000000000000004,0.05,0.6415226857704734,0.6704545454545454,0.7777777777777778,0.5,0.6443355119825708,0.23585687577724457,42,17,17,12
0.45,0.05,0.5,0.6415226857704734,0.6704545454545454,0.7777777777777778,0.5,0.7143246187363834,0.20448976755142212,42,17,17,12
0.35000000000000003,0.0,0.65,0.6415226857704734,0.6704545454545454,0.7777777777777778,0.5,0.7205882352941176,0.2017926275730133,42,17,17,12
0.55,0.1,0.35,0.6415226857704734,0.6704545454545454,0.7777777777777778,0.5,0.710511982570806,0.2128518670797348,42,17,17,12
0.6000000000000001,0.30000000000000004,0.1,0.6415226857704734,0.6704545454545454,0.7777777777777778,0.5,0.6598583877995642,0.2279594987630844,42,17,17,12
0.55,0.2,0.25,0.6415226857704734,0.6704545454545454,0.7777777777777778,0.5,0.6955337690631809,0.21575255692005157,42,17,17,12
0.55,0.25,0.2,0.6415226857704734,0.6704545454545454,0.7777777777777778,0.5,0.6895424836601307,0.21808312833309174,42,17,17,12
0.6000000000000001,0.25,0.15,0.6415226857704734,0.6704545454545454,0.7777777777777778,0.5,0.6691176470588235,0.22471103072166443,42,17,17,12
0.6000000000000001,0.2,0.2,0.6415226857704734,0.6704545454545454,0.7777777777777778,0.5,0.6849128540305011,0.22204938530921936,42,17,17,12
0.55,0.30000000000000004,0.15,0.6415226857704734,0.6704545454545454,0.7777777777777778,0.5,0.6734749455337691,0.221000537276268,42,17,17,12
0.1,0.05,0.85,0.6399766218585623,0.6818181818181818,0.8333333333333334,0.4411764705882353,0.7124183006535948,0.20678015053272247,45,15,19,9
0.30000000000000004,0.15000000000000002,0.55,0.6399766218585623,0.6818181818181818,0.8333333333333334,0.4411764705882353,0.7235838779956427,0.19825702905654907,45,15,19,9
0.05,0.55,0.4,0.6399766218585623,0.6818181818181818,0.8333333333333334,0.4411764705882353,0.7028867102396514,0.209865003824234,45,15,19,9
0.30000000000000004,0.30000000000000004,0.4,0.6399766218585623,0.6818181818181818,0.8333333333333334,0.4411764705882353,0.7303921568627451,0.20028309524059296,45,15,19,9
0.05,0.1,0.85,0.6399766218585623,0.6818181818181818,0.8333333333333334,0.4411764705882353,0.7091503267973857,0.20812097191810608,45,15,19,9
0.15000000000000002,0.6000000000000001,0.25,0.6399766218585623,0.6818181818181818,0.8333333333333334,0.4411764705882353,0.6857298474945533,0.21305209398269653,45,15,19,9
0.1,0.0,0.9,0.6399766218585623,0.6818181818181818,0.8333333333333334,0.4411764705882353,0.7050653594771242,0.20977626740932465,45,15,19,9
0.05,0.05,0.9,0.6399766218585623,0.6818181818181818,0.8333333333333334,0.4411764705882353,0.7050653594771241,0.21086129546165466,45,15,19,9
0.9500000000000001,0.05,0.0,0.6363636363636364,0.6590909090909091,0.7407407407407407,0.5294117647058824,0.6233660130718953,0.2809891402721405,40,18,16,14
0.9,0.1,0.0,0.6363636363636364,0.6590909090909091,0.7407407407407407,0.5294117647058824,0.6233660130718953,0.2720034420490265,40,18,16,14
0.8500000000000001,0.0,0.15,0.6363636363636364,0.6590909090909091,0.7407407407407407,0.5294117647058824,0.6737472766884531,0.2562118172645569,40,18,16,14
0.8500000000000001,0.1,0.05,0.6363636363636364,0.6590909090909091,0.7407407407407407,0.5294117647058824,0.6497821350762527,0.26073774695396423,40,18,16,14
0.8500000000000001,0.05,0.1,0.6363636363636364,0.6590909090909091,0.7407407407407407,0.5294117647058824,0.6674836601307189,0.2581813931465149,40,18,16,14
0.8500000000000001,0.15000000000000002,0.0,0.6363636363636364,0.6590909090909091,0.7407407407407407,0.5294117647058824,0.6244553376906318,0.2638809382915497,40,18,16,14
0.9,0.0,0.1,0.6363636363636364,0.6590909090909091,0.7407407407407407,0.5294117647058824,0.6726579520697168,0.2668154239654541,40,18,16,14
0.9,0.05,0.05,0.6363636363636364,0.6590909090909091,0.7407407407407407,0.5294117647058824,0.6633986928104575,0.26911601424217224,40,18,16,14
0.9500000000000001,0.0,0.05,0.6363636363636364,0.6590909090909091,0.7407407407407407,0.5294117647058824,0.6726579520697168,0.27835747599601746,40,18,16,14
0.8,0.05,0.15,0.6363636363636364,0.6590909090909091,0.7407407407407407,0.5294117647058824,0.6710239651416121,0.2481852024793625,40,18,16,14
0.65,0.15000000000000002,0.2,0.6363636363636364,0.6590909090909091,0.7407407407407407,0.5294117647058824,0.6797385620915033,0.22687889635562897,40,18,16,14
0.8,0.2,0.0,0.6363636363636364,0.6590909090909091,0.7407407407407407,0.5294117647058824,0.628267973856209,0.25662171840667725,40,18,16,14
0.75,0.2,0.05,0.6363636363636364,0.6590909090909091,0.7407407407407407,0.5294117647058824,0.6407952069716776,0.246570885181427,40,18,16,14
0.75,0.15000000000000002,0.1,0.6363636363636364,0.6590909090909091,0.7407407407407407,0.5294117647058824,0.659313725490196,0.24350295960903168,40,18,16,14
0.75,0.1,0.15,0.6363636363636364,0.6590909090909091,0.7407407407407407,0.5294117647058824,0.6691176470588235,0.24102185666561127,40,18,16,14
0.75,0.05,0.2,0.6363636363636364,0.6590909090909091,0.7407407407407407,0.5294117647058824,0.6775599128540305,0.23912757635116577,40,18,16,14
0.7000000000000001,0.2,0.1,0.6363636363636364,0.6590909090909091,0.7407407407407407,0.5294117647058824,0.6552287581699346,0.23745857179164886,40,18,16,14
0.7000000000000001,0.15000000000000002,0.15,0.6363636363636364,0.6590909090909091,0.7407407407407407,0.5294117647058824,0.6702069716775599,0.23472167551517487,40,18,16,14
0.7000000000000001,0.1,0.2,0.6363636363636364,0.6590909090909091,0.7407407407407407,0.5294117647058824,0.67619825708061,0.23257161676883698,40,18,16,14
0.7000000000000001,0.05,0.25,0.6363636363636364,0.6590909090909091,0.7407407407407407,0.5294117647058824,0.687908496732026,0.231008380651474,40,18,16,14
1.0,0.0,0.0,0.6363636363636364,0.6590909090909091,0.7407407407407407,0.5294117647058824,0.6304466230936819,0.2908380627632141,40,18,16,14
0.65,0.1,0.25,0.6363636363636364,0.6590909090909091,0.7407407407407407,0.5294117647058824,0.6906318082788672,0.2250598520040512,40,18,16,14
0.6000000000000001,0.15000000000000002,0.25,0.6363636363636364,0.6590909090909091,0.7407407407407407,0.5294117647058824,0.693355119825708,0.2199746072292328,40,18,16,14
0.8,0.1,0.1,0.6363636363636364,0.6590909090909091,0.7407407407407407,0.5294117647058824,0.6628540305010894,0.2504105269908905,40,18,16,14
0.8,0.0,0.2,0.6363636363636364,0.6590909090909091,0.7407407407407407,0.5294117647058824,0.6775599128540306,0.24654673039913177,40,18,16,14
0.8,0.15000000000000002,0.05,0.6363636363636364,0.6590909090909091,0.7407407407407407,0.5294117647058824,0.6440631808278867,0.2532227337360382,40,18,16,14
0.0,0.55,0.45,0.636208125445474,0.6704545454545454,0.7962962962962963,0.47058823529411764,0.6925381263616558,0.21157421171665192,43,16,18,11
0.4,0.1,0.5,0.636208125445474,0.6704545454545454,0.7962962962962963,0.47058823529411764,0.7181372549019608,0.20157848298549652,43,16,18,11
0.4,0.15000000000000002,0.45,0.636208125445474,0.6704545454545454,0.7962962962962963,0.47058823529411764,0.7208605664488018,0.2017422765493393,43,16,18,11
0.35000000000000003,0.1,0.55,0.636208125445474,0.6704545454545454,0.7962962962962963,0.47058823529411764,0.7211328976034859,0.19969767332077026,43,16,18,11
0.05,0.65,0.3,0.636208125445474,0.6704545454545454,0.7962962962962963,0.47058823529411764,0.6775599128540304,0.21670761704444885,43,16,18,11
0.45,0.4,0.15,0.636208125445474,0.6704545454545454,0.7962962962962963,0.47058823529411764,0.6824618736383442,0.21616920828819275,43,16,18,11
0.0,0.35000000000000003,0.65,0.6333333333333333,0.6818181818181818,0.8518518518518519,0.4117647058823529,0.701797385620915,0.2062549740076065,46,14,20,8
0.0,0.4,0.6,0.6333333333333333,0.6818181818181818,0.8518518518518519,0.4117647058823529,0.7020697167755992,0.20670455694198608,46,14,20,8
0.05,0.4,0.55,0.6333333333333333,0.6818181818181818,0.8518518518518519,0.4117647058823529,0.7137799564270153,0.20400220155715942,46,14,20,8
0.25,0.35000000000000003,0.4,0.6333333333333333,0.6818181818181818,0.8518518518518519,0.4117647058823529,0.7336601307189543,0.20047305524349213,46,14,20,8
0.1,0.4,0.5,0.6333333333333333,0.6818181818181818,0.8518518518518519,0.4117647058823529,0.7233115468409586,0.20223841071128845,46,14,20,8
0.15000000000000002,0.05,0.8,0.6333333333333333,0.6818181818181818,0.8518518518518519,0.4117647058823529,0.7222222222222222,0.20363749563694,46,14,20,8
0.15000000000000002,0.1,0.75,0.6333333333333333,0.6818181818181818,0.8518518518518519,0.4117647058823529,0.7246732026143791,0.20155924558639526,46,14,20,8
0.2,0.05,0.75,0.6333333333333333,0.6818181818181818,0.8518518518518519,0.4117647058823529,0.7249455337690631,0.20143333077430725,46,14,20,8
0.6000000000000001,0.05,0.35,0.6316964285714286,0.6590909090909091,0.7592592592592593,0.5,0.7083333333333334,0.2175854742527008,41,17,17,13
0.5,0.0,0.5,0.6316964285714286,0.6590909090909091,0.7592592592592593,0.5,0.7121459694989107,0.2082642912864685,41,17,17,13
0.55,0.05,0.4,0.6316964285714286,0.6590909090909091,0.7592592592592593,0.5,0.7132352941176471,0.21228176355361938,41,17,17,13
0.6000000000000001,0.0,0.4,0.6316964285714286,0.6590909090909091,0.7592592592592593,0.5,0.7077886710239651,0.21727114915847778,41,17,17,13
0.5,0.05,0.45,0.6316964285714286,0.6590909090909091,0.7592592592592593,0.5,0.713235294117647,0.2079165130853653,41,17,17,13
0.65,0.0,0.35,0.6316964285714286,0.6590909090909091,0.7592592592592593,0.5,0.7069716775599129,0.2231823056936264,41,17,17,13
0.30000000000000004,0.7000000000000001,0.0,0.6316964285714286,0.6590909090909091,0.7592592592592593,0.5,0.6424291938997821,0.23150628805160522,41,17,17,13
0.65,0.25,0.1,0.6316964285714286,0.6590909090909091,0.7592592592592593,0.5,0.6598583877995642,0.23227739334106445,41,17,17,13
0.7000000000000001,0.30000000000000004,0.0,0.6316964285714286,0.6590909090909091,0.7592592592592593,0.5,0.6361655773420479,0.24469280242919922,41,17,17,13
0.4,0.35000000000000003,0.25,0.6303056642039693,0.6704545454545454,0.8148148148148148,0.4411764705882353,0.7050653594771241,0.20826572179794312,44,15,19,10
0.35000000000000003,0.25,0.4,0.6303056642039693,0.6704545454545454,0.8148148148148148,0.4411764705882353,0.7246732026143791,0.20095638930797577,44,15,19,10
0.25,0.6000000000000001,0.15,0.6303056642039693,0.6704545454545454,0.8148148148148148,0.4411764705882353,0.6783769063180829,0.21686524152755737,44,15,19,10
0.30000000000000004,0.35000000000000003,0.35,0.6303056642039693,0.6704545454545454,0.8148148148148148,0.4411764705882353,0.7257625272331154,0.20213209092617035,44,15,19,10
0.2,0.6000000000000001,0.2,0.6303056642039693,0.6704545454545454,0.8148148148148148,0.4411764705882353,0.6854575163398694,0.2144894152879715,44,15,19,10
0.45,0.5,0.05,0.6303056642039693,0.6704545454545454,0.8148148148148148,0.4411764705882353,0.6574074074074073,0.2247876226902008,44,15,19,10
0.35000000000000003,0.2,0.45,0.6303056642039693,0.6704545454545454,0.8148148148148148,0.4411764705882353,0.7233115468409586,0.19994999468326569,44,15,19,10
0.55,0.15000000000000002,0.3,0.6264855687606112,0.6590909090909091,0.7777777777777778,0.47058823529411764,0.7026143790849674,0.21400879323482513,42,16,18,12
0.5,0.1,0.4,0.6264855687606112,0.6590909090909091,0.7777777777777778,0.47058823529411764,0.7154139433551198,0.2081555873155594,42,16,18,12
0.5,0.25,0.25,0.6264855687606112,0.6590909090909091,0.7777777777777778,0.47058823529411764,0.7023420479302832,0.21239371597766876,42,16,18,12
0.05,0.6000000000000001,0.35,0.6264855687606112,0.6590909090909091,0.7777777777777778,0.47058823529411764,0.6944444444444444,0.21299292147159576,42,16,18,12
0.45,0.1,0.45,0.6264855687606112,0.6590909090909091,0.7777777777777778,0.47058823529411764,0.7156862745098038,0.2043977826833725,42,16,18,12
0.0,0.7000000000000001,0.3,0.6264855687606112,0.6590909090909091,0.7777777777777778,0.47058823529411764,0.6486928104575165,0.22172527015209198,42,16,18,12
0.35000000000000003,0.05,0.6,0.6264855687606112,0.6590909090909091,0.7777777777777778,0.47058823529411764,0.7170479302832244,0.20045174658298492,42,16,18,12
0.4,0.05,0.55,0.6264855687606112,0.6590909090909091,0.7777777777777778,0.47058823529411764,0.7184095860566448,0.20200151205062866,42,16,18,12
0.0,0.65,0.35,0.6264855687606112,0.6590909090909091,0.7777777777777778,0.47058823529411764,0.6680283224400871,0.21775475144386292,42,16,18,12
0.05,0.2,0.75,0.625986642380085,0.6818181818181818,0.8703703703703703,0.38235294117647056,0.7140522875816994,0.20440073311328888,47,13,21,7
0.2,0.4,0.4,0.625986642380085,0.6818181818181818,0.8703703703703703,0.38235294117647056,0.7342047930283224,0.2015262097120285,47,13,21,7
0.2,0.5,0.3,0.623765295591921,0.6704545454545454,0.8333333333333334,0.4117647058823529,0.7137799564270153,0.20683413743972778,45,14,20,9
0.15000000000000002,0.30000000000000004,0.55,0.623765295591921,0.6704545454545454,0.8333333333333334,0.4117647058823529,0.7336601307189542,0.19911447167396545,45,14,20,9
0.0,0.15000000000000002,0.85,0.623765295591921,0.6704545454545454,0.8333333333333334,0.4117647058823529,0.6958061002178649,0.2103249877691269,45,14,20,9
0.15000000000000002,0.0,0.85,0.623765295591921,0.6704545454545454,0.8333333333333334,0.4117647058823529,0.7156862745098039,0.20630255341529846,45,14,20,9
0.05,0.35000000000000003,0.6,0.623765295591921,0.6704545454545454,0.8333333333333334,0.4117647058823529,0.7173202614379085,0.2032216191291809,45,14,20,9
0.2,0.0,0.8,0.623765295591921,0.6704545454545454,0.8333333333333334,0.4117647058823529,0.7241285403050108,0.20376738905906677,45,14,20,9
0.6000000000000001,0.1,0.3,0.621898821898822,0.6477272727272727,0.7407407407407407,0.5,0.7009803921568627,0.21848660707473755,40,17,17,14
0.55,0.0,0.45,0.621898821898822,0.6477272727272727,0.7407407407407407,0.5,0.7066993464052287,0.21229848265647888,40,17,17,14
0.7000000000000001,0.25,0.05,0.621898821898822,0.6477272727272727,0.7407407407407407,0.5,0.6407952069716776,0.24078227579593658,40,17,17,14
0.65,0.2,0.15,0.621898821898822,0.6477272727272727,0.7407407407407407,0.5,0.670479302832244,0.22928474843502045,40,17,17,14
0.65,0.05,0.3,0.621898821898822,0.6477272727272727,0.7407407407407407,0.5,0.7028867102396514,0.22382768988609314,40,17,17,14
0.75,0.25,0.0,0.621898821898822,0.6477272727272727,0.7407407407407407,0.5,0.6315359477124183,0.25022563338279724,40,17,17,14
0.7000000000000001,0.0,0.3,0.621898821898822,0.6477272727272727,0.7407407407407407,0.5,0.6982570806100217,0.23003195226192474,40,17,17,14
0.45,0.0,0.55,0.621898821898822,0.6477272727272727,0.7407407407407407,0.5,0.7140522875816994,0.20516857504844666,40,17,17,14
0.75,0.0,0.25,0.621898821898822,0.6477272727272727,0.7407407407407407,0.5,0.6832788671023965,0.237820103764534,40,17,17,14
0.45,0.35000000000000003,0.2,0.6206896551724138,0.6590909090909091,0.7962962962962963,0.4411764705882353,0.6936274509803921,0.2127402424812317,43,15,19,11
0.2,0.65,0.15,0.6206896551724138,0.6590909090909091,0.7962962962962963,0.4411764705882353,0.6704793028322441,0.21919728815555573,43,15,19,11
0.4,0.30000000000000004,0.3,0.6206896551724138,0.6590909090909091,0.7962962962962963,0.4411764705882353,0.7178649237472768,0.2057546228170395,43,15,19,11
0.0,0.6000000000000001,0.4,0.6206896551724138,0.6590909090909091,0.7962962962962963,0.4411764705882353,0.6838235294117646,0.21437102556228638,43,15,19,11
0.30000000000000004,0.1,0.6,0.6206896551724138,0.6590909090909091,0.7962962962962963,0.4411764705882353,0.7203159041394336,0.19875532388687134,43,15,19,11
0.25,0.65,0.1,0.6206896551724138,0.6590909090909091,0.7962962962962963,0.4411764705882353,0.6617647058823529,0.22190414369106293,43,15,19,11
0.45,0.25,0.3,0.6168001123753336,0.6477272727272727,0.7592592592592593,0.47058823529411764,0.712690631808279,0.2076427936553955,41,16,18,13
0.2,0.30000000000000004,0.5,0.6165289256198347,0.6704545454545454,0.8518518518518519,0.38235294117647056,0.7282135076252724,0.1985655426979065,46,13,21,8
0.05,0.25,0.7,0.6165289256198347,0.6704545454545454,0.8518518518518519,0.38235294117647056,0.7129629629629629,0.20342089235782623,46,13,21,8
0.15000000000000002,0.35000000000000003,0.5,0.6165289256198347,0.6704545454545454,0.8518518518518519,0.38235294117647056,0.7309368191721133,0.1999703347682953,46,13,21,8
0.15000000000000002,0.15000000000000002,0.7,0.6165289256198347,0.6704545454545454,0.8518518518518519,0.38235294117647056,0.7254901960784313,0.20006781816482544,46,13,21,8
0.25,0.25,0.5,0.6165289256198347,0.6704545454545454,0.8518518518518519,0.38235294117647056,0.727668845315904,0.1980239301919937,46,13,21,8
0.25,0.30000000000000004,0.45,0.6165289256198347,0.6704545454545454,0.8518518518518519,0.38235294117647056,0.7306644880174292,0.19895505905151367,46,13,21,8
0.25,0.55,0.2,0.614260666277031,0.6590909090909091,0.8148148148148148,0.4117647058823529,0.6963507625272332,0.21241316199302673,44,14,20,10
0.25,0.4,0.35,0.614260666277031,0.6590909090909091,0.8148148148148148,0.4117647058823529,0.727124183006536,0.20257782936096191,44,14,20,10
0.25,0.05,0.7,0.614260666277031,0.6590909090909091,0.8148148148148148,0.4117647058823529,0.7192265795206971,0.20016765594482422,44,14,20,10
0.4,0.25,0.35,0.614260666277031,0.6590909090909091,0.8148148148148148,0.4117647058823529,0.7194989106753813,0.20383034646511078,44,14,20,10
0.15000000000000002,0.25,0.6,0.614260666277031,0.6590909090909091,0.8148148148148148,0.4117647058823529,0.721677559912854,0.19884543120861053,44,14,20,10
0.1,0.25,0.65,0.614260666277031,0.6590909090909091,0.8148148148148148,0.4117647058823529,0.7249455337690631,0.20066390931606293,44,14,20,10
0.2,0.15000000000000002,0.65,0.614260666277031,0.6590909090909091,0.8148148148148148,0.4117647058823529,0.7309368191721133,0.19852572679519653,44,14,20,10
0.25,0.45,0.3,0.614260666277031,0.6590909090909091,0.8148148148148148,0.4117647058823529,0.7211328976034859,0.2052694410085678,44,14,20,10
0.25,0.5,0.25,0.614260666277031,0.6590909090909091,0.8148148148148148,0.4117647058823529,0.7066993464052288,0.20854789018630981,44,14,20,10
0.35000000000000003,0.30000000000000004,0.35,0.614260666277031,0.6590909090909091,0.8148148148148148,0.4117647058823529,0.7268518518518519,0.20254963636398315,44,14,20,10
0.2,0.55,0.25,0.614260666277031,0.6590909090909091,0.8148148148148148,0.4117647058823529,0.7034313725490197,0.21036837995052338,44,14,20,10
0.2,0.7000000000000001,0.1,0.6111190306486101,0.6477272727272727,0.7777777777777778,0.4411764705882353,0.6593137254901961,0.22449198365211487,42,15,19,12
0.5,0.15000000000000002,0.35,0.6111190306486101,0.6477272727272727,0.7777777777777778,0.4411764705882353,0.712962962962963,0.2089814692735672,42,15,19,12
0.45,0.30000000000000004,0.25,0.6111190306486101,0.6477272727272727,0.7777777777777778,0.4411764705882353,0.7031590413943355,0.20989809930324554,42,15,19,12
0.45,0.2,0.35,0.6111190306486101,0.6477272727272727,0.7777777777777778,0.4411764705882353,0.7165032679738562,0.2059742957353592,42,15,19,12
0.1,0.7000000000000001,0.2,0.6111190306486101,0.6477272727272727,0.7777777777777778,0.4411764705882353,0.662037037037037,0.22123165428638458,42,15,19,12
0.45,0.15000000000000002,0.4,0.6111190306486101,0.6477272727272727,0.7777777777777778,0.4411764705882353,0.7192265795206971,0.20489263534545898,42,15,19,12
0.25,0.75,0.0,0.6111190306486101,0.6477272727272727,0.7777777777777778,0.4411764705882353,0.6356209150326797,0.23374246060848236,42,15,19,12
0.25,0.2,0.55,0.6071428571428572,0.6590909090909091,0.8333333333333334,0.38235294117647056,0.7233115468409586,0.19767965376377106,45,13,21,9
0.2,0.25,0.55,0.6071428571428572,0.6590909090909091,0.8333333333333334,0.38235294117647056,0.730119825708061,0.19796544313430786,45,13,21,9
0.0,0.2,0.8,0.6071428571428572,0.6590909090909091,0.8333333333333334,0.38235294117647056,0.6974400871459695,0.20842723548412323,45,13,21,9
0.2,0.1,0.7,0.6071428571428572,0.6590909090909091,0.8333333333333334,0.38235294117647056,0.7276688453159041,0.19968613982200623,45,13,21,9
0.1,0.30000000000000004,0.6,0.6071428571428572,0.6590909090909091,0.8333333333333334,0.38235294117647056,0.7230392156862745,0.20060192048549652,45,13,21,9
0.1,0.2,0.7,0.6071428571428572,0.6590909090909091,0.8333333333333334,0.38235294117647056,0.7227668845315904,0.20131272077560425,45,13,21,9
0.25,0.0,0.75,0.6071428571428572,0.6590909090909091,0.8333333333333334,0.38235294117647056,0.7189542483660132,0.20217062532901764,45,13,21,9
0.35000000000000003,0.15000000000000002,0.5,0.6048095031145879,0.6477272727272727,0.7962962962962963,0.4117647058823529,0.7238562091503268,0.19953040778636932,43,14,20,11
0.0,0.75,0.25,0.6048095031145879,0.6477272727272727,0.7962962962962963,0.4117647058823529,0.6369825708061001,0.22628259658813477,43,14,20,11
0.4,0.2,0.4,0.6048095031145879,0.6477272727272727,0.7962962962962963,0.4117647058823529,0.7227668845315904,0.20249290764331818,43,14,20,11
0.25,0.7000000000000001,0.05,0.6015846066779853,0.6363636363636364,0.7592592592592593,0.4411764705882353,0.650599128540305,0.22752989828586578,41,15,19,13
0.5,0.2,0.3,0.6015846066779853,0.6363636363636364,0.7592592592592593,0.4411764705882353,0.7058823529411765,0.21039418876171112,41,15,19,13
0.25,0.1,0.65,0.5978180745982604,0.6477272727272727,0.8148148148148148,0.38235294117647056,0.7184095860566448,0.19875149428844452,44,13,21,10
0.15000000000000002,0.2,0.65,0.5978180745982604,0.6477272727272727,0.8148148148148148,0.38235294117647056,0.7254901960784313,0.19916319847106934,44,13,21,10
0.25,0.15000000000000002,0.6,0.5978180745982604,0.6477272727272727,0.8148148148148148,0.38235294117647056,0.7211328976034859,0.19792214035987854,44,13,21,10
0.2,0.2,0.6,0.5978180745982604,0.6477272727272727,0.8148148148148148,0.38235294117647056,0.7309368191721133,0.19795218110084534,44,13,21,10
0.15000000000000002,0.7000000000000001,0.15,0.5920775389801938,0.625,0.7407407407407407,0.4411764705882353,0.6579520697167757,0.22239257395267487,40,15,19,14
0.05,0.75,0.2,0.5920775389801938,0.625,0.7407407407407407,0.4411764705882353,0.6383442265795207,0.22589761018753052,40,15,19,14
0.1,0.75,0.15,0.5920775389801938,0.625,0.7407407407407407,0.4411764705882353,0.6369825708061003,0.2264510989189148,40,15,19,14
0.0,0.8500000000000001,0.15,0.5825892857142857,0.6136363636363636,0.7222222222222222,0.4411764705882353,0.6007625272331155,0.23715776205062866,39,15,19,15
0.2,0.8,0.0,0.5825892857142857,0.6136363636363636,0.7222222222222222,0.4411764705882353,0.6279956427015251,0.2368418574333191,39,15,19,15
0.2,0.75,0.05,0.5825892857142857,0.6136363636363636,0.7222222222222222,0.4411764705882353,0.642156862745098,0.2303735315799713,39,15,19,15
0.15000000000000002,0.75,0.1,0.5825892857142857,0.6136363636363636,0.7222222222222222,0.4411764705882353,0.6443355119825709,0.2279430478811264,39,15,19,15
0.15000000000000002,0.8,0.05,0.5731115731115731,0.6022727272727273,0.7037037037037037,0.4411764705882353,0.6309912854030502,0.23408032953739166,38,15,19,16
0.15000000000000002,0.8500000000000001,0.0,0.5731115731115731,0.6022727272727273,0.7037037037037037,0.4411764705882353,0.6146514161220044,0.24080447852611542,38,15,19,16
0.0,0.8,0.2,0.567354965585054,0.6022727272727273,0.7222222222222222,0.4117647058823529,0.622004357298475,0.23142676055431366,39,14,20,15
0.0,0.9,0.1,0.5580357142857143,0.5909090909090909,0.7037037037037037,0.4117647058823529,0.5860566448801743,0.24347557127475739,38,14,20,16
0.1,0.8,0.1,0.5580357142857143,0.5909090909090909,0.7037037037037037,0.4117647058823529,0.6220043572984749,0.23225735127925873,38,14,20,16
0.05,0.8500000000000001,0.1,0.5580357142857143,0.5909090909090909,0.7037037037037037,0.4117647058823529,0.6067538126361656,0.23743481934070587,38,14,20,16
0.05,0.8,0.15,0.5580357142857143,0.5909090909090909,0.7037037037037037,0.4117647058823529,0.6209150326797386,0.23137283325195312,38,14,20,16
0.0,0.9500000000000001,0.05,0.5487179487179488,0.5795454545454546,0.6851851851851852,0.4117647058823529,0.568355119825708,0.2503802180290222,37,14,20,17
0.05,0.9,0.05,0.5487179487179488,0.5795454545454546,0.6851851851851852,0.4117647058823529,0.5928649237472766,0.2440837025642395,37,14,20,17
0.0,1.0,0.0,0.5487179487179488,0.5795454545454546,0.6851851851851852,0.4117647058823529,0.553921568627451,0.2578716576099396,37,14,20,17
0.1,0.8500000000000001,0.05,0.5393939393939394,0.5681818181818182,0.6666666666666666,0.4117647058823529,0.611111111111111,0.23865041136741638,36,14,20,18
0.05,0.9500000000000001,0.0,0.5393939393939394,0.5681818181818182,0.6666666666666666,0.4117647058823529,0.5743464052287582,0.25131937861442566,36,14,20,18
0.1,0.9,0.0,0.5393939393939394,0.5681818181818182,0.6666666666666666,0.4117647058823529,0.5895969498910675,0.24563030898571014,36,14,20,18
