config_id,Macro_F1_mean_39,Macro_F1_mean_37,delta_mean_37_minus_39,delta_std,delta_se,delta_ci95_half,delta_ci95_low,delta_ci95_high,wilcoxon_p,n_folds_positive_delta,n_folds_negative_delta,is_exp3_winner,is_exp4_winner
manhattan_fuzzy_confidence_inverse_distance_k3,0.551421593250231,0.6430284922776778,0.09160689902744687,0.07937485180317816,0.011225299193140907,0.022558083287902795,0.06904881573954408,0.11416498231534966,3.961416187126134e-08,42,5,False,True
manhattan_rigid_uniform_k1,0.5491773521745053,0.6319245731793719,0.0827472210048667,0.09895789404319787,0.013994759585977012,0.02812352231355645,0.05462369869131025,0.11087074331842314,9.208873957672006e-07,38,4,False,False
manhattan_fuzzy_confidence_uniform_k1,0.5491773521745053,0.6319245731793719,0.0827472210048667,0.09895789404319787,0.013994759585977012,0.02812352231355645,0.05462369869131025,0.11087074331842314,9.208873957672006e-07,38,4,False,False
manhattan_rigid_inverse_distance_k1,0.5491773521745053,0.6319245731793719,0.0827472210048667,0.09895789404319787,0.013994759585977012,0.02812352231355645,0.05462369869131025,0.11087074331842314,9.208873957672006e-07,38,4,False,False
manhattan_fuzzy_confidence_inverse_distance_k1,0.5491773521745053,0.6319245731793719,0.0827472210048667,0.09895789404319787,0.013994759585977012,0.02812352231355645,0.05462369869131025,0.11087074331842314,9.208873957672006e-07,38,4,False,False
euclidean_fuzzy_confidence_inverse_distance_k15,0.5442448162121403,0.6075951790846864,0.06335036287254621,0.07046429886569663,0.009965156711897927,0.020025732162342307,0.0433246307102039,0.08337609503488852,3.281056189888812e-06,36,5,False,False
manhattan_fuzzy_confidence_uniform_k15,0.5666198585633369,0.6288997964773843,0.06227993791404748,0.1029769645889811,0.014563141993375103,0.029265729524683554,0.03301420838936392,0.09154566743873103,4.089096118339353e-05,33,11,False,False
cosine_rigid_uniform_k15,0.5352080849388967,0.5970068283344162,0.061798743395519544,0.11223897824037432,0.015872988525443606,0.03189796467996803,0.029900778715551517,0.09369670807548758,0.00040182177438560193,30,9,False,False
euclidean_rigid_uniform_k21,0.48537331450285437,0.546911438725082,0.06153812422222753,0.117422398588863,0.016606034861074943,0.033371076443721094,0.028167047778506434,0.09490920066594863,0.0009007549393324481,32,10,False,False
euclidean_fuzzy_confidence_uniform_k15,0.5383225972073125,0.597846253533587,0.05952365632627445,0.08814172820393439,0.012465122743700714,0.025049601993517436,0.03447405433275702,0.08457325831979189,4.474930931944701e-05,35,8,False,False
cosine_fuzzy_confidence_inverse_distance_k15,0.5437743210887915,0.6019232191682723,0.05814889807948093,0.09509397616913587,0.013448319079837583,0.02702540900385428,0.03112348907562665,0.08517430708333522,0.00015560929061703312,29,10,False,False
euclidean_rigid_inverse_distance_k21,0.5092887146421676,0.5669200762487141,0.057631361606546465,0.1123069826498214,0.01588260580125773,0.03191729131929274,0.025714070287253726,0.0895486529258392,0.0008068851043580792,28,10,False,False
cosine_fuzzy_confidence_uniform_k15,0.5414925108700248,0.5989283135544006,0.05743580268437585,0.10286899522944226,0.014547872820117045,0.029235044972212725,0.028200757712163124,0.08667084765658857,0.00024927688766670315,27,13,False,False
minkowski_p3_rigid_inverse_distance_k21,0.5048765347134979,0.5601192166690688,0.055242681955570874,0.1038008953283949,0.01467966339598861,0.029499888049971227,0.025742793905599647,0.0847425700055421,0.0007596079149828765,31,13,False,False
euclidean_fuzzy_confidence_inverse_distance_k3,0.5489082054303215,0.6022094851489925,0.05330127971867102,0.07246246374999508,0.010247739899821182,0.020593604339221916,0.0327076753794491,0.07389488405789293,2.210688834326894e-05,30,9,False,False
manhattan_rigid_uniform_k15,0.5593594126538671,0.6122688123299851,0.052909399676117935,0.09528427769589665,0.013475231779846124,0.027079492099355736,0.0258299075767622,0.07998889177547366,0.00028304892741161516,29,11,False,False
minkowski_p3_rigid_uniform_k21,0.49300665504758917,0.5448562212945314,0.05184956624694209,0.09713073696474875,0.01373636055388414,0.027604250017364447,0.024245316229577644,0.07945381626430653,0.0006720739635367712,31,9,False,False
manhattan_rigid_inverse_distance_k15,0.5584448479637402,0.6060814872279673,0.04763663926422709,0.08798277213282851,0.012442642960542769,0.025004427177947194,0.0226322120862799,0.07264106644217429,0.00015532003351252053,23,8,False,False
euclidean_fuzzy_confidence_inverse_distance_k21,0.558939354933964,0.6049236393004801,0.045984284366516165,0.09401921515314725,0.013296324919325484,0.02671996530270092,0.019264319063815243,0.07270424966921708,0.0015481825550302585,26,14,False,False
minkowski_p3_fuzzy_confidence_uniform_k15,0.5426477006426865,0.5869179535726784,0.04427025292999179,0.08536886355742322,0.012072980464728619,0.024261562580263688,0.0200086903497281,0.06853181551025547,0.0021870774627604775,31,11,False,False
minkowski_p3_fuzzy_confidence_inverse_distance_k3,0.5416708718284502,0.584739628982515,0.043068757154064725,0.07895163581323089,0.01116544741386125,0.02243780663436427,0.020630950519700455,0.06550656378842899,0.0007138323509985183,27,12,False,False
cosine_rigid_inverse_distance_k15,0.5331754233689017,0.5742076044504096,0.04103218108150805,0.088735585493597,0.012549106847016215,0.02521837436785277,0.01581380671365528,0.06625055544936082,0.002123695465213116,25,11,False,False
manhattan_rigid_inverse_distance_k21,0.5247081447574723,0.5651124474915362,0.04040430273406401,0.10099857234618188,0.014283355079229064,0.02870347667034287,0.011700826063721137,0.06910777940440688,0.009593612615206783,23,9,False,False
minkowski_p3_fuzzy_confidence_uniform_k3,0.553991476345454,0.5934053995537574,0.039413923208303336,0.08483216552149626,0.011997079900597927,0.02410903468610251,0.015304888522200827,0.06352295789440585,0.004964040753569917,28,12,False,False
euclidean_rigid_inverse_distance_k15,0.5372868885829177,0.5759762389560008,0.03868935037308304,0.0822024523777886,0.01162518230129971,0.023361678479805,0.01532767189327804,0.062051028852888046,0.0021840800852866177,26,10,False,False
cosine_fuzzy_confidence_inverse_distance_k21,0.5290208744842949,0.5674259689863138,0.03840509450201894,0.11217364067461767,0.015863748398281058,0.031879395949234245,0.006525698552784696,0.07028449045125318,0.02042235248060268,30,13,False,False
minkowski_p3_rigid_inverse_distance_k15,0.5289645496489621,0.5659160612334526,0.03695151158449045,0.07633020433967498,0.010794721019587804,0.021692804052682143,0.015258707531808306,0.058644315637172595,0.0012088745138352135,24,12,False,False
minkowski_p3_fuzzy_confidence_inverse_distance_k15,0.5435715970299225,0.5798475344356216,0.03627593740569915,0.08034763083845406,0.011362870923628846,0.022834544030820376,0.013441393374878773,0.05911048143651952,0.004250692468618734,29,8,False,False
cosine_rigid_uniform_k21,0.48632334906210933,0.5222326236593103,0.035909274597200974,0.09908860874757913,0.014013245436750772,0.02816067102150866,0.007748603575692313,0.06406994561870963,0.01083278221292173,31,12,False,False
euclidean_fuzzy_confidence_uniform_k21,0.5637853359318227,0.5993617705447563,0.03557643461293348,0.08702131789393916,0.012306672798118926,0.0247311849065518,0.01084524970638168,0.06030761951948528,0.00894160098836528,29,15,False,False
manhattan_fuzzy_confidence_inverse_distance_k15,0.5805944140679569,0.6160958461085935,0.035501432040636514,0.08854438575023826,0.012522067119998197,0.025164036002018626,0.010337396038617889,0.060665468042655143,0.008887789674078276,26,8,False,False
manhattan_fuzzy_confidence_uniform_k3,0.5537898601398602,0.5876897476107397,0.03389988747087953,0.10340457015093979,0.014623614551881917,0.029387253680784698,0.004512633790094835,0.06328714115166423,0.02700862901860381,25,15,False,False
minkowski_p3_rigid_uniform_k15,0.5166236075805063,0.5498494860274508,0.03322587844694453,0.07126345879813632,0.010078174993394065,0.020252850902179848,0.012973027544764683,0.05347872934912438,0.0031932743656504525,25,10,False,False
cosine_rigid_inverse_distance_k21,0.5016138856590131,0.5332870195586108,0.03167313389959777,0.08025181412620358,0.011349320394232183,0.02280731322249485,0.008865820677102919,0.05448044712209262,0.00954897393350953,22,8,False,False
minkowski_p3_fuzzy_confidence_inverse_distance_k21,0.5585341848230191,0.5871124209983344,0.028578236175315207,0.08524441690694141,0.01205538105063829,0.024226195233519782,0.004352040941795424,0.05280443140883499,0.018218946241856392,25,12,False,False
manhattan_rigid_uniform_k21,0.5263445518527228,0.5546418630234222,0.02829731117069948,0.12435428037328608,0.017586350984304756,0.03534109544952226,-0.007043784278822782,0.06363840662022174,0.060411966841513356,25,18,False,False
euclidean_rigid_uniform_k15,0.5287139460943877,0.5569871146342676,0.028273168539880076,0.08124425023559183,0.011489672054800748,0.023089360444063407,0.005183808095816669,0.05136252898394349,0.020561406772061506,25,12,False,False
cosine_rigid_uniform_k11,0.5997217261580097,0.6257278227408662,0.026006096582856585,0.08031627078220525,0.011358435941942462,0.022825631601446295,0.0031804649814102907,0.04883172818430288,0.01055951208485535,22,13,False,False
euclidean_fuzzy_confidence_uniform_k3,0.5523608482499787,0.5781279609055487,0.02576711265557005,0.07489863222580023,0.010592266149692125,0.021285955759503566,0.004481156896066485,0.04705306841507362,0.014010462074442485,24,11,False,False
cosine_fuzzy_confidence_inverse_distance_k1,0.5668075784761745,0.5904809512610899,0.023673372784915405,0.09495543632469117,0.013428726587143308,0.026986036415702234,-0.0033126636307868294,0.050659409200617636,0.09637128871342503,24,11,False,False
cosine_rigid_uniform_k1,0.5668075784761745,0.5904809512610899,0.023673372784915405,0.09495543632469117,0.013428726587143308,0.026986036415702234,-0.0033126636307868294,0.050659409200617636,0.09637128871342503,24,11,False,False
cosine_rigid_inverse_distance_k1,0.5668075784761745,0.5904809512610899,0.023673372784915405,0.09495543632469117,0.013428726587143308,0.026986036415702234,-0.0033126636307868294,0.050659409200617636,0.09637128871342503,24,11,False,False
cosine_fuzzy_confidence_uniform_k1,0.5668075784761745,0.5904809512610899,0.023673372784915405,0.09495543632469117,0.013428726587143308,0.026986036415702234,-0.0033126636307868294,0.050659409200617636,0.09637128871342503,24,11,False,False
minkowski_p3_rigid_uniform_k11,0.6045354486093616,0.6275068492180957,0.02297140060873402,0.07608326556333586,0.010759798602930344,0.021622624828946602,0.0013487757797874186,0.04459402543768062,0.015847987275805983,23,10,False,False
cosine_fuzzy_confidence_uniform_k21,0.5279467518330421,0.5500746582190387,0.022127906385996533,0.10360005952507652,0.014651260924302316,0.029442811146197186,-0.007314904760200653,0.05157071753219372,0.07046010138741314,27,17,False,False
cosine_fuzzy_confidence_inverse_distance_k3,0.5520513938039445,0.5730299638202989,0.020978570016354375,0.08563607199986462,0.012110769445056738,0.02433750237936744,-0.003358932363013066,0.045316072395721815,0.04238190740666464,27,13,False,False
euclidean_fuzzy_confidence_uniform_k1,0.581470178349193,0.6019023191552468,0.020432140806053864,0.08459808084004056,0.011963975327472082,0.024042508555713077,-0.003610367749659213,0.04447464936176694,0.07394952342184756,19,14,False,False
euclidean_fuzzy_confidence_inverse_distance_k1,0.581470178349193,0.6019023191552468,0.020432140806053864,0.08459808084004056,0.011963975327472082,0.024042508555713077,-0.003610367749659213,0.04447464936176694,0.07394952342184756,19,14,False,False
euclidean_rigid_uniform_k1,0.581470178349193,0.6019023191552468,0.020432140806053864,0.08459808084004056,0.011963975327472082,0.024042508555713077,-0.003610367749659213,0.04447464936176694,0.07394952342184756,19,14,False,False
euclidean_rigid_inverse_distance_k1,0.581470178349193,0.6019023191552468,0.020432140806053864,0.08459808084004056,0.011963975327472082,0.024042508555713077,-0.003610367749659213,0.04447464936176694,0.07394952342184756,19,14,False,False
cosine_rigid_inverse_distance_k7,0.5623764003083359,0.579565758373781,0.017189358065445023,0.09125883059953464,0.01290594759201707,0.025935472692605238,-0.008746114627160215,0.043124830758050264,0.12955504706087245,21,14,False,False
euclidean_rigid_inverse_distance_k5,0.5718865077826109,0.5879441751378148,0.01605766735520402,0.06527576006362905,0.009231386517619624,0.018551165750177116,-0.002493498394973096,0.03460883310538114,0.17361006147826274,26,13,False,False
cosine_fuzzy_confidence_uniform_k7,0.5652580940798333,0.581300134998338,0.016042040918504766,0.07267912497027784,0.0102783804234376,0.020655178776734145,-0.00461313785822938,0.03669721969523891,0.09289993661276359,24,16,False,False
cosine_fuzzy_confidence_inverse_distance_k7,0.534363914243676,0.5502479931571397,0.015884078913463773,0.09028696800158831,0.012768505465339183,0.025659272398294977,-0.009775193484831204,0.04154335131175875,0.21820972370077962,24,17,False,False
minkowski_p3_rigid_uniform_k3,0.5752244414332918,0.5888565224600559,0.013632081026764028,0.07606344337806477,0.010756995322605718,0.021616991426223503,-0.007984910399459475,0.03524907245298753,0.13924076102002342,19,18,False,False
euclidean_rigid_uniform_k5,0.5828396628308998,0.59643468684489,0.013595024013990216,0.06908859866901153,0.009770603324306786,0.01963476249233954,-0.006039738478349325,0.03322978650632975,0.18721602975979645,26,13,False,False
cosine_rigid_uniform_k7,0.5873977061361636,0.6004108518471354,0.013013145710971794,0.07996326896173646,0.011308513945737526,0.022725309594084798,-0.009712163883113004,0.03573845530505659,0.1686059220530557,18,16,False,False
manhattan_fuzzy_confidence_uniform_k21,0.5731380795819347,0.5854195899672683,0.012281510385333476,0.09087351324432018,0.012851455489060868,0.025825966711885355,-0.01354445632655188,0.03810747709721883,0.35757202818842226,26,19,False,False
manhattan_fuzzy_confidence_uniform_k7,0.5543282633406338,0.5661335699348488,0.01180530659421494,0.11800343921693454,0.0166882064147258,0.03353620636313429,-0.021730899768919353,0.04534151295734923,0.5815441978554234,24,16,False,False
minkowski_p3_rigid_inverse_distance_k3,0.572388321031954,0.5825759968139427,0.010187675781988613,0.07850026186051262,0.011101613497297635,0.022309527576349058,-0.012121851794360445,0.03249720335833767,0.22936068726265457,18,18,False,False
manhattan_fuzzy_confidence_inverse_distance_k21,0.5806637881210637,0.5905183255321229,0.009854537411059154,0.09439089429087774,0.013348888287068445,0.026825595344897295,-0.016971057933838143,0.03668013275595645,0.4109483040334555,20,17,False,False
euclidean_fuzzy_confidence_inverse_distance_k11,0.5862394960754834,0.5955601495471867,0.009320653471703412,0.09240612556092813,0.013068199601461569,0.02626153031295936,-0.016940876841255947,0.035582183784662776,0.41276930344348106,22,20,False,False
euclidean_rigid_uniform_k3,0.5702088669692181,0.5783500333348967,0.008141166365678416,0.05439423341059978,0.007692506260415793,0.015458670092393224,-0.007317503726714808,0.023599836458071642,0.20309178757716784,21,15,False,False
manhattan_rigid_inverse_distance_k7,0.5593353413959148,0.5672620560143107,0.007926714618395864,0.09194392336919346,0.013002834340650594,0.026130173903465132,-0.01820345928506927,0.03405688852186099,0.43157840754024734,21,19,False,False
minkowski_p3_fuzzy_confidence_uniform_k11,0.5941836977373792,0.6015076597664362,0.007323962029056934,0.0883481279805255,0.012494312080033309,0.025108260160999655,-0.01778429813194272,0.03243222219005659,0.6096080128561012,20,16,False,False
minkowski_p3_rigid_uniform_k5,0.606694497683857,0.6138768698128572,0.007182372129000211,0.06780104122863856,0.009588515204855803,0.019268842716515418,-0.012086470587515207,0.02645121484551563,0.2891254766693554,20,14,False,False
manhattan_rigid_uniform_k7,0.562570562220717,0.5696425849281214,0.00707202270740431,0.09090799884952604,0.012856332490119743,0.025835767412444727,-0.018763744705040417,0.03290779011984904,0.40236675173926784,21,18,False,False
minkowski_p3_fuzzy_confidence_uniform_k21,0.5655170348511512,0.572461026470476,0.006943991619324776,0.07651512972548624,0.01082087341845194,0.02174535926583104,-0.014801367646506264,0.028689350885155816,0.5328755656181163,23,15,False,False
manhattan_rigid_inverse_distance_k5,0.5607421941469188,0.567672851813786,0.006930657666867113,0.08262208624381566,0.011684527491756363,0.02348093710498941,-0.016550279438122296,0.030411594771856523,0.46100982357836884,17,18,False,False
cosine_fuzzy_confidence_inverse_distance_k11,0.5768340574079704,0.5836803648847128,0.006846307476742261,0.08922239687229885,0.012617952372423986,0.02535672463089938,-0.01851041715415712,0.03220303210764164,0.6679799498408757,18,15,False,False
euclidean_fuzzy_confidence_uniform_k11,0.5989846464603632,0.6057478200087704,0.0067631735484070974,0.09890296694379246,0.013986991721084918,0.02810791220462393,-0.021344738656216833,0.03487108575303103,0.8800157212822783,22,21,False,False
cosine_rigid_uniform_k3,0.5654941725135963,0.5719198925541636,0.0064257200405672685,0.08161668418354324,0.011542342168828853,0.02319520500095106,-0.01676948496038379,0.029620925041518326,0.8302175917778634,16,17,False,False
manhattan_fuzzy_confidence_uniform_k5,0.5503387433304245,0.5564605963272404,0.00612185299681597,0.11478572232019123,0.016233152527200652,0.03262174133920436,-0.02649988834238839,0.03874359433602033,0.6037757464389426,21,25,False,False
manhattan_fuzzy_confidence_inverse_distance_k7,0.5618413487394036,0.5678197242147033,0.005978375475299693,0.10907951294531322,0.015426172658431355,0.031000054578063777,-0.025021679102764083,0.03697843005336347,0.8515217675944051,26,17,False,False
minkowski_p3_rigid_uniform_k9,0.6151219756089321,0.6210193994187264,0.005897423809794242,0.06030255027853497,0.008528068444958962,0.017137795167532787,-0.011240371357738546,0.023035218977327028,0.4459638877643357,21,16,False,False
euclidean_rigid_uniform_k11,0.6120635824498659,0.616101342061014,0.004037759611147907,0.09878686763016017,0.01397057279869282,0.028074917144764424,-0.024037157533616516,0.03211267675591233,0.5065500030008957,21,22,False,False
euclidean_rigid_inverse_distance_k3,0.5647673366728891,0.5687544267227266,0.003987090049837398,0.05032347513719391,0.007116814104476487,0.014301773391608052,-0.010314683341770655,0.01828886344144545,0.4779304928538627,19,15,False,False
manhattan_fuzzy_confidence_inverse_distance_k5,0.5574290368301675,0.561079921286443,0.0036508844562754814,0.09910237515523385,0.014015192300791816,0.028164583391275602,-0.02451369893500012,0.031815467847551085,0.782122724275677,22,23,False,False
cosine_fuzzy_confidence_inverse_distance_k5,0.5624731510098114,0.5660084974220726,0.0035353464122612056,0.09091425447231508,0.01285721716877868,0.02583754524077054,-0.022302198828509333,0.029372891653031745,0.7656613654706436,20,21,False,False
cosine_fuzzy_confidence_uniform_k11,0.5909044650483203,0.5942870891865645,0.003382624138244248,0.10712877811511014,0.015150297093084677,0.030445661873414066,-0.02706303773516982,0.03382828601165831,0.844767697465625,21,17,False,False
euclidean_rigid_uniform_k9,0.6194798652233435,0.6228440278195901,0.0033641625962465447,0.07450415842974921,0.010536479130454508,0.0211738475470904,-0.017809684950843854,0.024538010143336945,0.7060633143167403,19,19,False,False
cosine_rigid_inverse_distance_k3,0.5652838766546465,0.5679025381925773,0.00261866153793063,0.08474762013285035,0.011985123377072013,0.02408500715250268,-0.02146634561457205,0.026703668690433308,0.9297267094512076,13,18,False,False
euclidean_rigid_inverse_distance_k11,0.6056384439812492,0.6081400808290635,0.002501636847814217,0.1002564617139727,0.014178404787143915,0.028492571162239074,-0.025990934314424858,0.03099420801005329,0.608703485423119,19,22,False,False
minkowski_p3_rigid_inverse_distance_k11,0.6113326019971465,0.6137439250023246,0.0024113230051781565,0.08341329034392406,0.011796420648654212,0.023705794822295543,-0.021294471817117386,0.0261171178274737,0.8792675705704591,17,16,False,False
manhattan_rigid_uniform_k5,0.5723527330962114,0.5728154004603055,0.00046266736409419587,0.07946515869448322,0.011238070516186843,0.022583748222441285,-0.02212108085834709,0.02304641558653548,0.9501318963589409,15,18,False,False
cosine_fuzzy_confidence_uniform_k9,0.5917697901410045,0.592214644372593,0.0004448542315884074,0.10389808187066747,0.014693407648604813,0.029527508159681595,-0.02908265392809319,0.02997236239127,0.8752515075782454,21,22,False,False
manhattan_rigid_inverse_distance_k3,0.5814098018048618,0.5814874422153329,7.764041047120807e-05,0.06889508873756534,0.009743236887356278,0.01957976757831534,-0.019502127167844132,0.01965740798878655,0.9216843098970718,17,16,False,False
minkowski_p3_fuzzy_confidence_uniform_k7,0.5659095678213393,0.5656275084950546,-0.00028205932628466604,0.10314477714199011,0.014586874272215281,0.029313421324561422,-0.02959548065084609,0.029031361998276755,0.9551282022255906,23,19,False,False
minkowski_p3_fuzzy_confidence_uniform_k5,0.5621622646406803,0.5617628570412054,-0.000399407599474908,0.09115198149454187,0.01289083684667625,0.025905106512953757,-0.026304514112428665,0.02550569891347885,0.7376731710459064,19,20,False,False
minkowski_p3_fuzzy_confidence_inverse_distance_k11,0.5949797045794825,0.5941945755664695,-0.0007851290130129884,0.08865078895133777,0.012537114805005679,0.025194275457185784,-0.025979404470198773,0.024409146444172795,0.8634365931729464,19,16,False,False
euclidean_fuzzy_confidence_uniform_k5,0.5608348526512748,0.5600437174858564,-0.0007911351654183862,0.11246147597519271,0.015904454456861353,0.03196119783655834,-0.032752333001976726,0.031170062671139954,0.8905973659825853,23,19,False,False
minkowski_p3_fuzzy_confidence_inverse_distance_k5,0.5671057438373833,0.565959209510421,-0.0011465343269623763,0.09481839832384467,0.013409346487207548,0.02694709064677824,-0.028093624973740614,0.025800556319815864,0.39072379191303586,15,24,False,False
cosine_fuzzy_confidence_inverse_distance_k9,0.5704156434323617,0.5685181075837759,-0.001897535848585794,0.0933411972509452,0.013200438708042895,0.02652727474692529,-0.028424810595511083,0.024629738898339495,0.8381556171686748,16,20,False,False
cosine_rigid_inverse_distance_k11,0.5814584896584897,0.5788687421630483,-0.002589747495441399,0.06953449279401837,0.009833662276203503,0.01976148420055051,-0.02235123169599191,0.01717173670510911,0.6070504532360497,17,15,False,False
minkowski_p3_rigid_inverse_distance_k5,0.6039059072013372,0.6009457771821414,-0.0029601300191958446,0.07549644281972315,0.010676809334657734,0.021455851650478492,-0.024415981669674337,0.018495721631282647,0.9375178730661963,15,16,False,False
euclidean_fuzzy_confidence_inverse_distance_k5,0.5762134218206973,0.5731944996785419,-0.0030189221421554192,0.10320634600618007,0.014595581424491017,0.029330919002160654,-0.03234984114431607,0.026311996860005234,0.7513430549144118,24,22,False,False
manhattan_rigid_uniform_k3,0.587144944682056,0.5829025488478308,-0.004242395834225156,0.06812356783636807,0.009634127355143528,0.01936050376424585,-0.023602899598471005,0.015118107930020691,0.7369532728658712,17,18,False,False
cosine_rigid_inverse_distance_k9,0.583292962351658,0.5771543531123757,-0.006138609239282281,0.07019603400128892,0.00992721833094257,0.019949492131437645,-0.026088101370719926,0.013810882892155363,0.645088338349835,13,18,False,False
minkowski_p3_fuzzy_confidence_inverse_distance_k1,0.6051877389534881,0.5989488881327015,-0.006238850820786474,0.0909741432394975,0.012865686719456997,0.0258545654400833,-0.03209341626086977,0.019615714619296825,0.8505745316924498,17,18,False,False
minkowski_p3_fuzzy_confidence_uniform_k1,0.6051877389534881,0.5989488881327015,-0.006238850820786474,0.0909741432394975,0.012865686719456997,0.0258545654400833,-0.03209341626086977,0.019615714619296825,0.8505745316924498,17,18,False,False
minkowski_p3_rigid_uniform_k1,0.6051877389534881,0.5989488881327015,-0.006238850820786474,0.0909741432394975,0.012865686719456997,0.0258545654400833,-0.03209341626086977,0.019615714619296825,0.8505745316924498,17,18,False,False
minkowski_p3_rigid_inverse_distance_k1,0.6051877389534881,0.5989488881327015,-0.006238850820786474,0.0909741432394975,0.012865686719456997,0.0258545654400833,-0.03209341626086977,0.019615714619296825,0.8505745316924498,17,18,False,False
cosine_rigid_uniform_k5,0.6019615119389518,0.5949997665850001,-0.0069617453539515825,0.0821972977444628,0.01162445332606387,0.023360213549222575,-0.030321958903174157,0.016398468195270993,0.6844189201464823,18,24,False,False
cosine_rigid_uniform_k9,0.6169307889953334,0.6097527397196063,-0.0071780492757270555,0.08273507487278196,0.011700506496904172,0.023513048118048406,-0.03069109739377546,0.01633499884232135,0.9803976595144179,17,18,False,False
euclidean_rigid_inverse_distance_k9,0.6163578752970058,0.6083232420317899,-0.008034633265215892,0.07203192489484818,0.010186852511013447,0.020471246550420433,-0.028505879815636327,0.012436613285204541,0.5000569508976107,20,18,False,False
manhattan_fuzzy_confidence_inverse_distance_k11,0.6092370784082928,0.6008275089706911,-0.008409569437601717,0.08562444921829986,0.012109125735524601,0.024334199221394626,-0.03274376865899634,0.015924629783792908,0.27944586520854475,18,21,False,False
minkowski_p3_fuzzy_confidence_uniform_k9,0.5988548148595395,0.5899446711098885,-0.00891014374965107,0.07717051088575073,0.010913558310988926,0.02193161653072935,-0.03084176028038042,0.013021472781078281,0.36803928765519245,17,22,False,False
minkowski_p3_fuzzy_confidence_inverse_distance_k7,0.5710749562674654,0.5604699150998317,-0.010605041167633706,0.0899366164690389,0.012718958276446228,0.025559703594426327,-0.03616474476206003,0.01495466242679262,0.45529318288992937,20,19,False,False
euclidean_fuzzy_confidence_inverse_distance_k9,0.604835961365427,0.5932950516016541,-0.011540909763772866,0.08285507728320007,0.011717477400537248,0.023547152425741142,-0.035088062189514005,0.012006242661968276,0.47619419373182525,20,20,False,False
manhattan_fuzzy_confidence_inverse_distance_k9,0.6033577047519368,0.5916739880513537,-0.011683716700583024,0.12670781742010023,0.017919191385419964,0.03600996327751955,-0.047693679978102574,0.024326246576936522,0.3370671860517743,16,27,False,False
cosine_fuzzy_confidence_uniform_k3,0.5798793682225503,0.5667529252389126,-0.01312644298363776,0.08698675391160886,0.012301784712860812,0.024721361931460115,-0.03784780491509787,0.011594918947822355,0.27351305343166266,17,21,False,False
minkowski_p3_fuzzy_confidence_inverse_distance_k9,0.6042619938451341,0.591064252799493,-0.013197741045641163,0.07865143976814186,0.011122993282027682,0.022352491862317712,-0.035550232907958876,0.009154750816676549,0.25467680245362745,17,20,False,False
cosine_rigid_inverse_distance_k5,0.579664355451312,0.564736538238039,-0.014927817213272854,0.09186504341887833,0.012991679031097096,0.026107756469623912,-0.041035573682896766,0.011179939256351058,0.28642303641448674,13,25,False,False
euclidean_fuzzy_confidence_uniform_k9,0.6151173040394942,0.5997978185012713,-0.015319485538222688,0.09801832780651373,0.013861884854510358,0.027856500543560862,-0.04317598608178355,0.012537015005338175,0.37243306547640864,18,20,False,False
manhattan_rigid_inverse_distance_k11,0.614323166022493,0.5986437442349007,-0.015679421787592226,0.10203059391063457,0.014429304968540113,0.02899677395376411,-0.04467619574135634,0.013317352166171883,0.3384279483433785,17,21,False,False
manhattan_fuzzy_confidence_uniform_k9,0.6050219567067393,0.5881951877786242,-0.016826768928114997,0.11797993252184891,0.01668488206602613,0.03352952583430785,-0.05035629476242284,0.016702756906192853,0.17672870412128028,14,26,False,False
cosine_fuzzy_confidence_uniform_k5,0.5768707455255442,0.5597063823300732,-0.017164363195471023,0.11316113090786342,0.01600340060633777,0.032160037568355435,-0.04932440076382646,0.014995674372884411,0.1434751662492589,15,27,False,False
minkowski_p3_rigid_inverse_distance_k9,0.6145635621802804,0.5968487037697698,-0.017714858410510584,0.06214008928294597,0.00878793570310172,0.017660017974437146,-0.035374876384947726,-5.484043607343822e-05,0.05838503095131871,16,22,False,False
manhattan_rigid_uniform_k11,0.6231931569011795,0.6053088132765815,-0.01788434362459803,0.0993853953462804,0.014055217400052162,0.028245016839612832,-0.04612936046421086,0.010360673215014802,0.2487649263824374,17,24,False,False
euclidean_fuzzy_confidence_uniform_k7,0.5833847298790359,0.56515880279689,-0.018225927082145953,0.08552001241528874,0.01209435614120168,0.024304518610380837,-0.042530445692526786,0.006078591528234884,0.11095958557284565,19,22,False,False
euclidean_rigid_inverse_distance_k7,0.5961312670483622,0.5771632267738742,-0.018968040274487973,0.08755465122433997,0.01238209752103077,0.024882756561982775,-0.04385079683647075,0.005914716287494803,0.11895399577682036,15,23,False,False
minkowski_p3_rigid_uniform_k7,0.6159570229643725,0.5961869702536885,-0.01977005271068403,0.06672407934216862,0.009436209794255333,0.01896277353489191,-0.03873282624557594,-0.000807279175792118,0.06415192871955806,13,22,False,False
euclidean_fuzzy_confidence_inverse_distance_k7,0.5742005280904864,0.5522385274850883,-0.02196200060539809,0.08506299241741759,0.01202972375327517,0.024174634964087192,-0.04613663556948529,0.0022126343586891008,0.09381548043220966,17,25,False,False
manhattan_rigid_inverse_distance_k9,0.6046846181998355,0.582389575114316,-0.022295043085519602,0.08774237330155449,0.01240864543178613,0.024936106586034266,-0.04723114967155387,0.0026410635005146635,0.11137718165088738,14,23,False,False
euclidean_rigid_uniform_k7,0.6018649851016454,0.5790583441587951,-0.022806640942850384,0.09408658757387289,0.013305852818437497,0.02673911233281829,-0.04954575327566867,0.003932471389967905,0.0831138348101512,17,26,False,False
manhattan_rigid_uniform_k9,0.6111114692071213,0.5863503578098813,-0.024761111397240087,0.09372521380976277,0.013254746850608462,0.026636411045399537,-0.05139752244263962,0.0018752996481594501,0.12372096023800397,16,24,False,False
manhattan_fuzzy_confidence_uniform_k11,0.6233869445949672,0.5933533120145585,-0.030033632580408733,0.09160416149095357,0.012954784755032174,0.026033614646052035,-0.05606724722646077,-0.004000017934356698,0.023932292993602496,12,28,True,False
minkowski_p3_rigid_inverse_distance_k7,0.6176257137233176,0.58071066998391,-0.03691504373940773,0.07508361299287765,0.01061842638065003,0.021338526711834154,-0.05825357045124188,-0.015576517027573577,0.0032783958867870075,9,26,False,False
