n_epochs,lr,sigma_mult,optimizer,weight_decay,macro_f1_mean,macro_f1_std
300,0.003,0.5,adam,0.0,0.619,0.0009
300,0.003,0.5,adamw,0.0,0.619,0.0009
300,0.003,0.5,adamw,0.0001,0.619,0.0009
300,0.003,0.5,adamw,0.001,0.619,0.0009
300,0.01,1.0,adam,0.0,0.619,0.0009
300,0.01,1.0,adamw,0.0,0.619,0.0009
300,0.01,1.0,adamw,0.0001,0.619,0.0009
300,0.01,1.0,adamw,0.001,0.619,0.0009
150,0.01,0.5,adam,0.0,0.6146,0.0133
150,0.01,0.5,adamw,0.0,0.6146,0.0133
150,0.01,0.5,adamw,0.0001,0.6146,0.0133
150,0.01,0.5,adamw,0.001,0.6146,0.0133
600,0.003,0.5,adam,0.0,0.6126,0.0074
600,0.003,0.5,adamw,0.0,0.6126,0.0074
600,0.003,0.5,adamw,0.0001,0.6126,0.0074
600,0.003,0.5,adamw,0.001,0.6126,0.0074
150,0.03,2.0,adamw,0.001,0.6086,0.0
150,0.03,2.0,adamw,0.0001,0.6085,0.0125
150,0.03,1.5,adam,0.0,0.6074,0.0074
150,0.03,1.5,adamw,0.0,0.6074,0.0074
150,0.03,1.5,adamw,0.0001,0.6074,0.0074
150,0.03,1.5,adamw,0.001,0.6074,0.0074
600,0.003,1.0,adam,0.0,0.6064,0.0196
600,0.003,1.0,adamw,0.0,0.6064,0.0196
600,0.003,1.0,adamw,0.0001,0.6064,0.0196
600,0.003,1.0,adamw,0.001,0.6064,0.0196
150,0.003,0.5,adam,0.0,0.6061,0.0048
150,0.003,0.5,adamw,0.0,0.6061,0.0048
150,0.003,0.5,adamw,0.0001,0.6061,0.0048
150,0.003,0.5,adamw,0.001,0.6061,0.0048
300,0.01,1.5,adam,0.0,0.6061,0.0048
300,0.01,1.5,adamw,0.0,0.6061,0.0048
300,0.01,1.5,adamw,0.0001,0.6061,0.0048
300,0.01,1.5,adamw,0.001,0.6061,0.0048
150,0.03,2.0,adam,0.0,0.6054,0.009
150,0.03,2.0,adamw,0.0,0.6054,0.009
150,0.03,1.0,adam,0.0,0.6028,0.0009
150,0.03,1.0,adamw,0.0,0.6028,0.0009
150,0.03,1.0,adamw,0.0001,0.6028,0.0009
150,0.03,1.0,adamw,0.001,0.6028,0.0009
300,0.01,2.0,adam,0.0,0.5982,0.0126
300,0.01,2.0,adamw,0.0,0.5982,0.0126
300,0.01,2.0,adamw,0.0001,0.5982,0.0126
300,0.01,2.0,adamw,0.001,0.5982,0.0126
150,0.01,1.0,adam,0.0,0.5905,0.0036
150,0.01,1.0,adamw,0.0,0.5905,0.0036
150,0.01,1.0,adamw,0.0001,0.5905,0.0036
150,0.01,1.0,adamw,0.001,0.5905,0.0036
600,0.01,1.5,adam,0.0,0.5895,0.004
600,0.01,1.5,adamw,0.0,0.5895,0.004
600,0.01,1.5,adamw,0.0001,0.5895,0.004
600,0.01,1.5,adamw,0.001,0.5895,0.004
600,0.01,2.0,adam,0.0,0.5866,0.0068
600,0.01,2.0,adamw,0.0,0.5866,0.0068
600,0.01,2.0,adamw,0.0001,0.5866,0.0068
600,0.01,2.0,adamw,0.001,0.5866,0.0068
600,0.01,1.0,adam,0.0,0.5838,0.0104
600,0.01,1.0,adamw,0.0,0.5838,0.0104
600,0.01,1.0,adamw,0.0001,0.5838,0.0104
600,0.01,1.0,adamw,0.001,0.5838,0.0104
300,0.01,0.5,adam,0.0,0.5786,0.0071
300,0.01,0.5,adamw,0.0,0.5786,0.0071
300,0.01,0.5,adamw,0.0001,0.5786,0.0071
300,0.01,0.5,adamw,0.001,0.5786,0.0071
300,0.003,1.0,adam,0.0,0.5473,0.0279
300,0.003,1.0,adamw,0.0,0.5473,0.0279
300,0.003,1.0,adamw,0.0001,0.5473,0.0279
300,0.003,1.0,adamw,0.001,0.5473,0.0279
600,0.003,1.5,adam,0.0,0.544,0.0253
600,0.003,1.5,adamw,0.0,0.544,0.0253
600,0.003,1.5,adamw,0.0001,0.544,0.0253
600,0.003,1.5,adamw,0.001,0.544,0.0253
300,0.03,1.5,adam,0.0,0.5239,0.0327
300,0.03,1.5,adamw,0.0,0.5239,0.0327
300,0.03,1.5,adamw,0.0001,0.5239,0.0327
300,0.03,1.5,adamw,0.001,0.5239,0.0327
300,0.03,1.0,adam,0.0,0.518,0.0244
300,0.03,1.0,adamw,0.0,0.518,0.0244
300,0.03,1.0,adamw,0.0001,0.518,0.0244
300,0.03,1.0,adamw,0.001,0.518,0.0244
300,0.03,2.0,adam,0.0,0.5113,0.0297
300,0.03,2.0,adamw,0.0,0.5113,0.0297
300,0.03,2.0,adamw,0.0001,0.5113,0.0297
300,0.03,2.0,adamw,0.001,0.5113,0.0297
150,0.003,1.0,adam,0.0,0.5112,0.05
150,0.003,1.0,adamw,0.0,0.5112,0.05
150,0.003,1.0,adamw,0.0001,0.5112,0.05
150,0.003,1.0,adamw,0.001,0.5112,0.05
150,0.03,0.5,adam,0.0,0.5005,0.0363
150,0.03,0.5,adamw,0.0,0.5005,0.0363
150,0.03,0.5,adamw,0.0001,0.5005,0.0363
150,0.03,0.5,adamw,0.001,0.5005,0.0363
150,0.01,1.5,adam,0.0,0.4942,0.0332
150,0.01,1.5,adamw,0.0,0.4942,0.0332
150,0.01,1.5,adamw,0.0001,0.4942,0.0332
150,0.01,1.5,adamw,0.001,0.4942,0.0332
300,0.003,1.5,adam,0.0,0.4308,0.0053
300,0.003,1.5,adamw,0.0,0.4308,0.0053
300,0.003,1.5,adamw,0.0001,0.4308,0.0053
300,0.003,1.5,adamw,0.001,0.4308,0.0053
600,0.003,2.0,adam,0.0,0.4214,0.0116
600,0.003,2.0,adamw,0.0,0.4214,0.0116
600,0.003,2.0,adamw,0.0001,0.4214,0.0116
600,0.003,2.0,adamw,0.001,0.4214,0.0116
600,0.01,0.5,adam,0.0,0.4207,0.0464
600,0.01,0.5,adamw,0.0,0.4207,0.0464
600,0.01,0.5,adamw,0.0001,0.4207,0.0464
600,0.01,0.5,adamw,0.001,0.4207,0.0464
600,0.03,2.0,adam,0.0,0.4054,0.0173
600,0.03,2.0,adamw,0.0,0.4054,0.0173
600,0.03,2.0,adamw,0.0001,0.4054,0.0173
600,0.03,2.0,adamw,0.001,0.4054,0.0173
150,0.003,1.5,adam,0.0,0.4044,0.0254
150,0.003,1.5,adamw,0.0,0.4044,0.0254
150,0.003,1.5,adamw,0.0001,0.4044,0.0254
150,0.003,1.5,adamw,0.001,0.4044,0.0254
300,0.03,0.5,adam,0.0,0.4035,0.0161
300,0.03,0.5,adamw,0.0,0.4035,0.0161
300,0.03,0.5,adamw,0.0001,0.4035,0.0161
300,0.03,0.5,adamw,0.001,0.4035,0.0161
600,0.03,1.0,adam,0.0,0.4035,0.0161
600,0.03,1.0,adamw,0.0,0.4035,0.0161
600,0.03,1.0,adamw,0.0001,0.4035,0.0161
600,0.03,1.0,adamw,0.001,0.4035,0.0161
600,0.03,1.5,adam,0.0,0.4035,0.0161
600,0.03,1.5,adamw,0.0,0.4035,0.0161
600,0.03,1.5,adamw,0.0001,0.4035,0.0161
600,0.03,1.5,adamw,0.001,0.4035,0.0161
600,0.03,0.5,adam,0.0,0.3928,0.0087
600,0.03,0.5,adamw,0.0,0.3928,0.0087
600,0.03,0.5,adamw,0.0001,0.3928,0.0087
600,0.03,0.5,adamw,0.001,0.3928,0.0087
150,0.003,2.0,adam,0.0,0.381,0.0
150,0.003,2.0,adamw,0.0,0.381,0.0
150,0.003,2.0,adamw,0.0001,0.381,0.0
150,0.003,2.0,adamw,0.001,0.381,0.0
300,0.003,2.0,adam,0.0,0.3781,0.002
300,0.003,2.0,adamw,0.0,0.3781,0.002
300,0.003,2.0,adamw,0.0001,0.3781,0.002
300,0.003,2.0,adamw,0.001,0.3781,0.002
150,0.01,2.0,adam,0.0,0.3753,0.002
150,0.01,2.0,adamw,0.0,0.3753,0.002
150,0.01,2.0,adamw,0.0001,0.3753,0.002
150,0.01,2.0,adamw,0.001,0.3753,0.002
